rank,protein,degree,degree_norm,pagerank_norm,betweenness_norm,rwr_norm,composite_score,is_seed_gene
1,TNF,25,1.0,1.0,0.29471,1.0,0.85894,True
2,JAK2,22,0.875,0.81835,0.22969,0.89881,0.73727,True
3,IL1B,20,0.79167,0.73868,0.21962,0.79057,0.66098,True
4,JAK1,21,0.83333,0.73794,0.02606,0.85064,0.64932,True
5,IL6,19,0.75,0.63571,0.33006,0.78981,0.64566,True
6,PTGS2,13,0.5,0.62282,0.78879,0.53872,0.60815,True
7,TYK2,19,0.75,0.65194,0.11854,0.7749,0.603,True
8,RUNX1,15,0.58333,0.77772,0.23823,0.63788,0.59172,True
9,PTPN22,13,0.5,0.65278,0.57469,0.57961,0.58864,True
10,TP53,11,0.41667,0.57849,1.0,0.43563,0.58852,False
11,TNFRSF1A,16,0.625,0.63728,0.31662,0.67645,0.58502,True
12,RPLP1,11,0.41667,0.98605,0.09109,0.5377,0.56473,True
13,SYT1,11,0.41667,0.96136,0.08397,0.50286,0.5437,True
14,NOD2,12,0.45833,0.63738,0.48324,0.531,0.54246,True
15,TCF7,12,0.45833,0.81027,0.06591,0.60239,0.53585,True
16,ITPR3,11,0.41667,0.7283,0.41577,0.48701,0.5346,True
17,DHFR,11,0.41667,0.80576,0.32758,0.43477,0.52191,True
18,MYC,11,0.41667,0.73136,0.38223,0.46063,0.51957,True
19,SYK,13,0.5,0.70321,0.11657,0.59765,0.51846,True
20,NOS1,11,0.41667,0.73528,0.31264,0.48106,0.51398,True
21,MAGI3,10,0.375,0.78505,0.1557,0.52353,0.50614,True
22,SMAD3,13,0.5,0.77275,0.06037,0.53476,0.50606,True
23,PADI4,11,0.41667,0.58626,0.43538,0.51592,0.50603,True
24,THOC2,11,0.41667,0.78011,0.1116,0.52106,0.50122,True
25,TPH2,10,0.375,0.69456,0.43323,0.41888,0.49787,True
26,ELANE,11,0.41667,0.88343,0.04984,0.45787,0.49775,True
27,RAD51B,10,0.375,0.84356,0.22963,0.40641,0.49749,True
28,OTUD3,10,0.375,0.8458,0.19978,0.41427,0.49494,True
29,ATG5,12,0.45833,0.72213,0.16722,0.5011,0.49422,True
30,RPS10,10,0.375,0.91717,0.03097,0.43585,0.49014,True
31,FDX2,10,0.375,0.90337,0.10694,0.40089,0.48896,True
32,PLD4,10,0.375,0.96993,0.00038,0.3996,0.48717,True
33,PLCL1,10,0.375,0.96993,0.00038,0.3996,0.48717,True
34,B3GNT2,10,0.375,0.96993,0.00025,0.3996,0.48714,True
35,MMEL1,10,0.375,0.96993,0.00025,0.3996,0.48714,True
36,COG6,10,0.375,0.96993,0.00025,0.3996,0.48714,True
37,AARS2,10,0.375,0.96993,0.00013,0.3996,0.48712,True
38,PFKFB3,10,0.375,0.96993,0.00013,0.3996,0.48712,True
39,STAG1,10,0.375,0.96993,0.00013,0.3996,0.48712,True
40,FTO,10,0.375,0.96993,0.00013,0.3996,0.48712,True
41,NPAS2,10,0.375,0.96993,0.00013,0.3996,0.48712,True
42,AFF3,10,0.375,0.96993,0.00013,0.3996,0.48712,True
43,GAL,10,0.375,0.96993,0.0,0.3996,0.48709,True
44,ALDH1A1,10,0.375,0.90507,0.08795,0.39933,0.48512,True
45,REV3L,10,0.375,0.91155,0.06896,0.4029,0.48452,True
46,CD2,12,0.45833,0.71434,0.11089,0.50908,0.48341,True
47,NCF2,10,0.375,0.85562,0.14371,0.40182,0.48231,True
48,ENO4,10,0.375,0.89763,0.04997,0.41655,0.48132,True
49,ACTA2,10,0.375,0.93852,0.00092,0.40458,0.47959,True
50,ELMO1,10,0.375,0.91472,0.07237,0.38307,0.47921,True
51,DLGAP1,10,0.375,0.89148,0.06896,0.40285,0.47848,True
52,UNC5A,11,0.41667,0.69115,0.19558,0.4819,0.47763,True
53,POSTN,10,0.375,0.73126,0.28935,0.41152,0.47753,True
54,DCLRE1B,10,0.375,0.89032,0.06896,0.39566,0.47562,True
55,GUCY1A2,10,0.375,0.64288,0.20245,0.53042,0.47525,True
56,ATXN2,10,0.375,0.87957,0.04997,0.412,0.47431,True
57,JAZF1,10,0.375,0.88061,0.06896,0.39647,0.47299,True
58,PACSIN1,10,0.375,0.88116,0.04997,0.40424,0.47207,True
59,SSPN,10,0.375,0.89392,0.03085,0.40366,0.47188,True
60,ATP4A,11,0.41667,0.72082,0.09184,0.4959,0.47068,True
61,MAPK14,10,0.375,0.69495,0.2319,0.45418,0.47008,True
62,ADGRL2,11,0.41667,0.75811,0.05907,0.47856,0.46924,True
63,DPP4,10,0.375,0.73449,0.20568,0.43191,0.4689,True
64,MLN,10,0.375,0.86985,0.03097,0.41311,0.46799,True
65,RIPOR2,10,0.375,0.9091,0.00092,0.39463,0.46729,True
66,CD40,14,0.54167,0.56097,0.04739,0.59405,0.46694,True
67,RBPJ,10,0.375,0.81793,0.10663,0.41035,0.46658,True
68,DHODH,10,0.375,0.74986,0.21739,0.403,0.46574,True
69,BANK1,10,0.375,0.48357,0.56617,0.43081,0.46534,True
70,ZC3H11A,10,0.375,0.68315,0.03967,0.56041,0.46527,True
71,SLC6A4,10,0.375,0.78813,0.12105,0.41997,0.46389,True
72,TNFRSF14,12,0.45833,0.61557,0.17424,0.50063,0.46349,True
73,TNFSF11,11,0.41667,0.71283,0.13109,0.44415,0.45802,True
74,SUOX,10,0.375,0.77011,0.15015,0.4019,0.45798,True
75,TNFAIP3,12,0.45833,0.47006,0.13047,0.6328,0.45734,True
76,TNFSF18,11,0.41667,0.49961,0.46648,0.42935,0.45595,True
77,ZFP36L1,10,0.375,0.79967,0.0972,0.39839,0.45503,True
78,PPIA,10,0.375,0.8187,0.06554,0.39581,0.4535,True
79,JAK3,15,0.58333,0.49162,0.00761,0.61721,0.45253,True
80,COL15A1,10,0.375,0.82471,0.0498,0.3954,0.45201,True
81,NDFIP1,10,0.375,0.76413,0.127,0.40128,0.45133,True
82,CTH,10,0.375,0.81564,0.04899,0.40154,0.45128,True
83,ERBB3,10,0.375,0.74436,0.0459,0.46255,0.45063,True
84,TEAD3,10,0.375,0.68684,0.11772,0.46583,0.44889,True
85,PPAT,10,0.375,0.7585,0.11385,0.40609,0.4487,True
86,TP63,10,0.375,0.69619,0.20039,0.40987,0.44864,True
87,PSTPIP1,10,0.375,0.7028,0.14375,0.43577,0.44836,True
88,NFATC1,11,0.41667,0.70029,0.11231,0.43722,0.44808,True
89,MS4A1,11,0.41667,0.63524,0.09658,0.50194,0.44807,True
90,TLR4,13,0.5,0.60964,0.04131,0.51828,0.44755,True
91,LEF1,11,0.41667,0.62909,0.14095,0.47944,0.44722,True
92,FSCN1,10,0.375,0.69909,0.14665,0.42883,0.4454,True
93,ALOX5,10,0.375,0.70016,0.12882,0.43797,0.44535,True
94,TNFSF15,10,0.375,0.5424,0.39277,0.41473,0.44268,True
95,PTPRC,10,0.375,0.62474,0.18545,0.45314,0.43936,True
96,SH2B3,10,0.375,0.64882,0.07406,0.49526,0.43905,True
97,IL10,14,0.54167,0.47607,0.04266,0.5869,0.43802,True
98,CCL2,11,0.41667,0.62006,0.10979,0.4697,0.43487,True
99,RASGRP1,10,0.375,0.719,0.07808,0.42038,0.4347,True
100,NOS2,10,0.375,0.67857,0.10662,0.43859,0.43465,True
101,USP8,10,0.375,0.68042,0.06158,0.4612,0.43411,True
102,CIITA,10,0.375,0.73426,0.07206,0.40779,0.43366,True
103,IRF5,11,0.41667,0.39709,0.44984,0.46189,0.43325,True
104,NR5A2,10,0.375,0.73804,0.05805,0.40704,0.43174,True
105,ADAMTS2,10,0.375,0.75313,0.05866,0.39328,0.43157,True
106,TET3,10,0.375,0.74827,0.03366,0.40949,0.43079,True
107,BLK,10,0.375,0.53909,0.17619,0.5062,0.43039,True
108,CDKN2B,10,0.375,0.71278,0.06478,0.41942,0.42984,True
109,FAM8A1,9,0.33333,0.75527,0.08455,0.38925,0.42973,True
110,PARK7,10,0.375,0.71348,0.02925,0.43671,0.42899,True
111,HLA-DRB1,10,0.375,0.62152,0.06574,0.49365,0.42863,True
112,SLIT1,10,0.375,0.72595,0.04972,0.40588,0.42604,True
113,RUNX3,10,0.375,0.5167,0.30741,0.43594,0.42532,True
114,NFKB1,13,0.5,0.48015,0.05182,0.55904,0.42507,True
115,AIRE,10,0.375,0.64693,0.01377,0.4908,0.42486,True
116,TESPA1,10,0.375,0.67894,0.09462,0.4145,0.42393,True
117,MICB,10,0.375,0.64094,0.05467,0.46681,0.42285,True
118,MIF,10,0.375,0.71081,0.04829,0.40977,0.42257,True
119,PRKCB,10,0.375,0.57489,0.23021,0.41674,0.42062,True
120,CCL20,10,0.375,0.61142,0.04395,0.49181,0.4206,True
121,CD226,10,0.375,0.67244,0.03987,0.43714,0.41896,True
122,FCGR2A,10,0.375,0.67369,0.03008,0.43168,0.41546,True
123,LHX2,10,0.375,0.64153,0.08667,0.42505,0.41481,True
124,PDE4A,10,0.375,0.52228,0.2384,0.4341,0.41255,True
125,STAT4,13,0.5,0.42456,0.0571,0.56234,0.41061,True
126,GLIS3,8,0.29167,0.68069,0.08105,0.41389,0.40903,True
127,CTLA4,11,0.41667,0.50093,0.1419,0.47893,0.40878,True
128,ATP4B,10,0.375,0.66364,0.01714,0.42813,0.40862,True
129,IKZF1,10,0.375,0.57869,0.07551,0.46186,0.40661,True
130,PTGER4,10,0.375,0.49043,0.284,0.41576,0.40569,True
131,KCNK2,10,0.375,0.66581,0.04311,0.39992,0.40459,True
132,CD6,10,0.375,0.65492,0.02753,0.41765,0.40441,True
133,IFIH1,10,0.375,0.65031,0.02208,0.42409,0.40419,True
134,NR3C1,10,0.375,0.63722,0.04858,0.41962,0.404,True
135,BAK1,10,0.375,0.57231,0.12175,0.43133,0.40326,True
136,CCR6,10,0.375,0.60113,0.05375,0.44379,0.40267,True
137,EOMES,10,0.375,0.56964,0.13538,0.42253,0.4021,True
138,FAS,10,0.375,0.59079,0.05394,0.45039,0.40191,True
139,CXCL13,10,0.375,0.61539,0.05315,0.42898,0.40164,True
140,LTA,11,0.41667,0.44984,0.12607,0.50841,0.40061,True
141,CCL21,10,0.375,0.60453,0.05913,0.42749,0.39906,True
142,PRDM1,10,0.375,0.48882,0.22559,0.42328,0.39617,True
143,ETS1,10,0.375,0.52813,0.14893,0.43296,0.39601,True
144,PPARD,10,0.375,0.64367,0.02961,0.40099,0.39562,True
145,IRF4,11,0.41667,0.4984,0.10196,0.46499,0.39516,True
146,ATG16L1,10,0.375,0.59189,0.02986,0.43962,0.39365,True
147,BCL2L11,10,0.375,0.59908,0.02947,0.42874,0.39193,True
148,CARD9,10,0.375,0.50225,0.14671,0.44267,0.3912,True
149,GNG4,10,0.375,0.57145,0.06444,0.43013,0.39112,True
150,CARMIL1,8,0.29167,0.68699,0.02409,0.38549,0.38959,True
151,IL17A,12,0.45833,0.38971,0.07962,0.53342,0.38829,True
152,TNFSF13B,10,0.375,0.53174,0.10019,0.43318,0.38742,True
153,BACH2,10,0.375,0.53051,0.12098,0.41649,0.38537,True
154,MST1,7,0.25,0.69321,8e-05,0.3996,0.38534,True
155,TREH,7,0.25,0.69321,0.0,0.3996,0.38532,True
156,PTGER3,10,0.375,0.49242,0.18568,0.40908,0.38429,True
157,LMO4,9,0.33333,0.60313,0.10234,0.37644,0.38316,True
158,TLR7,11,0.41667,0.54099,0.0216,0.43526,0.38146,True
159,IL19,10,0.375,0.5861,0.02409,0.4105,0.38057,True
160,IL23R,12,0.45833,0.37727,0.0289,0.54955,0.38005,True
161,PTGS1,10,0.375,0.5647,0.01861,0.42907,0.37956,True
162,FOSL2,10,0.375,0.58312,0.01419,0.41476,0.37919,True
163,FOS,10,0.375,0.56042,0.02606,0.42714,0.37909,True
164,CBFA2T3,10,0.375,0.54474,0.05259,0.42409,0.37862,True
165,HDAC7,10,0.375,0.5392,0.07635,0.41291,0.3778,True
166,PDE4B,10,0.375,0.49106,0.119,0.42541,0.37626,True
167,GATA3,10,0.375,0.46386,0.13932,0.42762,0.37294,True
168,CD86,11,0.41667,0.45796,0.01093,0.4841,0.37151,True
169,CD83,10,0.375,0.49166,0.08215,0.43231,0.37148,True
170,XCR1,10,0.375,0.52006,0.08623,0.40554,0.37145,True
171,CD80,11,0.41667,0.4523,0.01692,0.48402,0.37098,True
172,TEC,10,0.375,0.54082,0.02059,0.419,0.36926,True
173,NFKBIA,11,0.41667,0.43897,0.0294,0.48048,0.36824,True
174,CSF2RB,10,0.375,0.46463,0.09395,0.43667,0.36726,True
175,PTPN2,11,0.41667,0.35777,0.0354,0.536,0.36451,True
176,PDE3A,10,0.375,0.51725,0.03406,0.41722,0.36427,True
177,IL18R1,10,0.375,0.51939,0.04148,0.40698,0.36281,True
178,PDE2A,10,0.375,0.50345,0.03345,0.42147,0.36149,True
179,FLT3,10,0.375,0.4902,0.04067,0.42849,0.36142,True
180,PDE4D,10,0.375,0.49889,0.02139,0.42798,0.35999,True
181,TLR1,10,0.375,0.51058,0.02861,0.4121,0.35938,True
182,OSMR,10,0.375,0.49441,0.02325,0.42735,0.3588,True
183,IL17RA,10,0.375,0.42613,0.04919,0.46808,0.35775,True
184,IFNAR2,10,0.375,0.4595,0.03301,0.43169,0.35179,True
185,CHRNG,6,0.20833,0.60097,7e-05,0.3996,0.35142,True
186,IL12RB2,11,0.41667,0.35466,0.0177,0.50983,0.35088,True
187,STAT3,11,0.41667,0.3887,0.12069,0.41828,0.34965,False
188,TRAF1,10,0.375,0.42369,0.03937,0.45153,0.34927,True
189,TNIP1,10,0.375,0.39283,0.05131,0.46199,0.34606,True
190,CTNNB1,8,0.29167,0.46139,0.26678,0.31273,0.34498,False
191,TNFSF4,10,0.375,0.42948,0.0431,0.42447,0.34228,True
192,PRKCQ,10,0.375,0.41058,0.05441,0.4257,0.3393,True
193,ARID5B,7,0.25,0.54371,0.03968,0.36786,0.3373,True
194,TLR9,10,0.375,0.40702,0.0375,0.42643,0.33511,True
195,EP300,9,0.33333,0.44187,0.19682,0.32217,0.33468,False
196,TRAF6,10,0.375,0.39357,0.14684,0.37246,0.33405,False
197,IFNLR1,10,0.375,0.41046,0.01483,0.4288,0.33243,True
198,IL2RA,11,0.41667,0.3516,0.01068,0.46349,0.33234,True
199,CSF2,10,0.375,0.40172,0.01354,0.43554,0.33191,True
200,IFNGR2,10,0.375,0.40535,0.0161,0.42474,0.32973,True
201,REL,10,0.375,0.36538,0.02279,0.44965,0.3278,True
202,ERAP1,8,0.29167,0.39665,0.05264,0.43843,0.32672,True
203,IL6R,10,0.375,0.34154,0.05113,0.44676,0.3253,True
204,IL12A,10,0.375,0.36414,0.05879,0.42151,0.32478,True
205,IL1R1,10,0.375,0.38079,0.00847,0.43529,0.32453,True
206,IL17F,10,0.375,0.33083,0.02205,0.46681,0.32329,True
207,FLRT2,8,0.29167,0.42337,0.13993,0.35211,0.32199,True
208,NFKBIE,10,0.375,0.35594,0.00694,0.44404,0.31984,True
209,IL12B,10,0.375,0.31224,0.04419,0.45721,0.31878,True
210,ACOXL,5,0.16667,0.50873,0.00017,0.3996,0.31751,True
211,ANKRD55,5,0.16667,0.50873,6e-05,0.3996,0.31749,True
212,RNASET2,5,0.16667,0.50873,6e-05,0.3996,0.31749,True
213,ANXA11,5,0.16667,0.50873,0.0,0.3996,0.31748,True
214,TPD52,5,0.16667,0.50873,0.0,0.3996,0.31748,True
215,IL13,10,0.375,0.31842,0.04507,0.44046,0.31495,True
216,IL4R,10,0.375,0.33457,0.00656,0.44387,0.31329,True
217,TRAF3IP2,10,0.375,0.33055,0.06257,0.41313,0.31253,True
218,IL23A,10,0.375,0.28557,0.02583,0.46887,0.3112,True
219,SPRED2,6,0.20833,0.4753,0.03626,0.35768,0.30628,True
220,IL21R,10,0.375,0.3119,0.02123,0.42662,0.30338,True
221,SYTL2,4,0.125,0.41649,8e-05,0.3996,0.28358,True
222,NAB1,4,0.125,0.41649,4e-05,0.3996,0.28357,True
223,CCN4,4,0.125,0.41649,4e-05,0.3996,0.28357,True
224,UQCC2,4,0.125,0.41649,4e-05,0.3996,0.28357,True
225,TCTE1,8,0.29167,0.78545,0.0001,0.0,0.2794,False
226,STAT1,9,0.33333,0.31956,0.08747,0.32453,0.27695,False
227,SLC22A4,5,0.16667,0.22315,0.36611,0.28586,0.26522,True
228,IL12RB1,9,0.33333,0.29045,0.01013,0.34712,0.26065,False
229,MICA,6,0.20833,0.31469,0.09853,0.32468,0.259,True
230,HRH2,6,0.20833,0.33218,0.08337,0.3147,0.25772,True
231,IFNG,9,0.33333,0.27886,0.02761,0.33797,0.25747,False
232,NRSN1,3,0.08333,0.32425,6e-05,0.3996,0.24965,True
233,INAVA,3,0.08333,0.32425,6e-05,0.3996,0.24965,True
234,SLC26A8,3,0.08333,0.32425,6e-05,0.3996,0.24965,True
235,CEP57,3,0.08333,0.32425,3e-05,0.3996,0.24964,True
236,SHTN1,3,0.08333,0.32425,3e-05,0.3996,0.24964,True
237,ZNF704,3,0.08333,0.32425,3e-05,0.3996,0.24964,True
238,SP140,3,0.08333,0.32425,0.0,0.3996,0.24964,True
239,UBASH3A,6,0.20833,0.30321,0.03167,0.33386,0.2454,True
240,MYD88,8,0.29167,0.30945,0.02665,0.29123,0.24385,False
241,IKBKB,8,0.29167,0.27378,0.06144,0.29141,0.24016,False
242,ARAP1,5,0.16667,0.32482,0.01986,0.31722,0.23744,True
243,FCRL3,6,0.20833,0.25501,0.10048,0.31073,0.23661,True
244,DCAF4L1,4,0.125,0.3186,0.01032,0.3384,0.23484,True
245,IL4,8,0.29167,0.24139,0.08284,0.28895,0.23387,False
246,SIRPG,5,0.16667,0.29153,0.00817,0.31871,0.22564,True
247,CD28,7,0.25,0.2708,0.05996,0.26,0.22173,False
248,DENND1B,4,0.125,0.28704,0.03885,0.30801,0.22043,True
249,TAGAP,4,0.125,0.28847,0.01032,0.32222,0.22013,True
250,FAM167A,4,0.125,0.27296,0.0294,0.32367,0.2198,True
251,SYNGR1,4,0.125,0.26598,0.10135,0.28745,0.21942,True
252,HDAC1,6,0.20833,0.29372,0.10392,0.22417,0.21861,False
253,PDE4C,4,0.125,0.28018,0.01028,0.31862,0.21638,True
254,KIF21B,2,0.04167,0.23201,1e-05,0.3996,0.21572,True
255,RSRP1,2,0.04167,0.23201,3e-05,0.3996,0.21572,True
256,GRHL2,2,0.04167,0.23201,0.0,0.3996,0.21571,True
257,OPCML,2,0.04167,0.23201,0.0,0.3996,0.21571,True
258,TNRC18,2,0.04167,0.23201,0.0,0.3996,0.21571,True
259,ETV7,2,0.04167,0.23201,0.0,0.3996,0.21571,True
260,PSD4,2,0.04167,0.23201,0.0,0.3996,0.21571,True
261,PAX5,6,0.20833,0.25794,0.11579,0.22107,0.20916,False
262,NFKBIL1,4,0.125,0.24609,0.02936,0.31533,0.20881,True
263,EGFR,5,0.16667,0.26456,0.09554,0.23986,0.20743,False
264,IKBKG,7,0.25,0.23226,0.01055,0.27134,0.20426,False
265,CHUK,7,0.25,0.22875,0.01214,0.25652,0.19833,False
266,LYN,5,0.16667,0.24404,0.16506,0.18952,0.19756,False
267,GRB2,5,0.16667,0.27369,0.05339,0.20614,0.18994,False
268,IL2,7,0.25,0.20286,0.00113,0.25368,0.18737,False
269,PLCG1,5,0.16667,0.2482,0.10619,0.18071,0.18395,False
270,PHTF1,3,0.08333,0.22129,0.00688,0.29431,0.18327,True
271,NXPE1,1,0.0,0.13977,0.0,0.3996,0.18179,True
272,FRG2C,1,0.0,0.13977,0.0,0.3996,0.18179,True
273,VWC2,1,0.0,0.13977,0.0,0.3996,0.18179,True
274,CEMIP2,1,0.0,0.13977,0.0,0.3996,0.18179,True
275,DMRT2,1,0.0,0.13977,0.0,0.3996,0.18179,True
276,CCDC91,1,0.0,0.13977,0.0,0.3996,0.18179,True
277,SWAP70,1,0.0,0.13977,0.0,0.3996,0.18179,True
278,HDGFL1,1,0.0,0.13977,0.0,0.3996,0.18179,True
279,LHFPL6,1,0.0,0.13977,0.0,0.3996,0.18179,True
280,IGSF9B,1,0.0,0.13977,0.0,0.3996,0.18179,True
281,DAP,1,0.0,0.13977,0.0,0.3996,0.18179,True
282,TXNDC11,1,0.0,0.13977,0.0,0.3996,0.18179,True
283,CLNK,1,0.0,0.13977,0.0,0.3996,0.18179,True
284,WDFY4,1,0.0,0.13977,0.0,0.3996,0.18179,True
285,CD40LG,6,0.20833,0.21772,0.00888,0.22248,0.17621,False
286,ANKS1A,3,0.08333,0.19184,0.02597,0.28584,0.17529,True
287,ADK,5,0.16667,0.20881,0.10603,0.17916,0.17155,False
288,CALM3,4,0.125,0.21976,0.0955,0.18085,0.16708,False
289,NCOR1,5,0.16667,0.24116,0.0327,0.17584,0.16543,False
290,CAMTA1,3,0.08333,0.16282,0.09745,0.24157,0.16538,True
291,STAT5B,6,0.20833,0.17882,0.00275,0.21918,0.16216,False
292,ZNF354A,1,0.0,0.13977,0.0,0.33966,0.16081,False
293,LRRTM2,1,0.0,0.13977,0.0,0.33966,0.16081,False
294,NXPE4,1,0.0,0.13977,0.0,0.33966,0.16081,False
295,NCL,1,0.0,0.13977,0.0,0.33966,0.16081,False
296,HMGA2,1,0.0,0.13977,0.0,0.33966,0.16081,False
297,EDEM2,1,0.0,0.13977,0.0,0.33966,0.16081,False
298,DAPK1,1,0.0,0.13977,0.0,0.33966,0.16081,False
299,NLGN2,1,0.0,0.13977,0.0,0.33966,0.16081,False
300,GGA1,1,0.0,0.13977,0.0,0.33966,0.16081,False
301,SRY,1,0.0,0.13977,0.0,0.33966,0.16081,False
302,LRRC18,1,0.0,0.13977,0.0,0.33966,0.16081,False
303,CHRD,1,0.0,0.13977,0.0,0.33966,0.16081,False
304,BRK1,1,0.0,0.13977,0.0,0.33966,0.16081,False
305,LAT,1,0.0,0.13977,0.0,0.33966,0.16081,False
306,SRC,4,0.125,0.18824,0.16502,0.14984,0.16067,False
307,ENPP1,5,0.16667,0.21789,0.01953,0.18653,0.15956,False
308,CALML3,3,0.08333,0.15682,0.27572,0.11346,0.1544,False
309,NCOR2,4,0.125,0.20256,0.13034,0.13769,0.15378,False
310,WWTR1,3,0.08333,0.1901,0.12834,0.16457,0.1528,False
311,PTEN,3,0.08333,0.19409,0.20438,0.11726,0.15264,False
312,GNAS,4,0.125,0.18492,0.10426,0.16099,0.15143,False
313,BRCA1,3,0.08333,0.15737,0.27801,0.09899,0.14996,False
314,FN1,3,0.08333,0.15974,0.2466,0.11112,0.14863,False
315,LDB1,4,0.125,0.21108,0.05227,0.1578,0.14776,False
316,ALDH7A1,4,0.125,0.18955,0.03273,0.1802,0.14523,False
317,HIPK1,3,0.08333,0.14735,0.0243,0.23806,0.14489,True
318,CXCR4,4,0.125,0.21969,0.04396,0.14613,0.1446,False
319,STAT6,5,0.16667,0.15672,0.02335,0.19044,0.14334,False
320,PADI2,3,0.08333,0.14515,0.00344,0.247,0.14318,True
321,GPR35,2,0.04167,0.13342,0.00344,0.27103,0.14182,True
322,TRAF2,5,0.16667,0.17316,0.00091,0.18355,0.14137,False
323,SLC9A8,2,0.04167,0.13977,0.00344,0.264,0.14127,True
324,CD4,4,0.125,0.1728,0.06998,0.155,0.13884,False
325,ENPP3,4,0.125,0.17049,0.08104,0.15046,0.13877,False
326,JUN,4,0.125,0.20136,0.03623,0.14506,0.13718,False
327,IL5,5,0.16667,0.15407,0.00518,0.1831,0.13634,False
328,FANCM,3,0.08333,0.19992,0.14366,0.09812,0.13555,False
329,ZBED6,2,0.04167,0.12581,0.02255,0.24434,0.13402,True
330,STAT5A,5,0.16667,0.14652,0.00082,0.18482,0.13381,False
331,IDO2,2,0.04167,0.07472,0.40707,0.06763,0.13375,False
332,LCP2,4,0.125,0.18492,0.01319,0.15942,0.13266,False
333,ATG12,4,0.125,0.18997,0.01817,0.14666,0.1307,False
334,UBC,4,0.125,0.15798,0.02661,0.1691,0.13065,False
335,IL2RG,5,0.16667,0.13217,0.0,0.18201,0.12835,False
336,CCL5,4,0.125,0.1852,0.00308,0.14928,0.12717,False
337,PRKACA,4,0.125,0.18595,0.00333,0.14786,0.12695,False
338,CXCL9,4,0.125,0.18074,0.00557,0.14273,0.12404,False
339,QDPR,2,0.04167,0.09934,0.31534,0.06884,0.12321,False
340,AKT1,3,0.08333,0.16643,0.10351,0.10563,0.1201,False
341,CD8A,3,0.08333,0.12736,0.1432,0.11227,0.11864,False
342,WASL,3,0.08333,0.16665,0.09935,0.10089,0.11768,False
343,ITPR1,3,0.08333,0.15862,0.1004,0.10687,0.11757,False
344,COL3A1,3,0.08333,0.18558,0.05271,0.10426,0.11521,False
345,CTBP1,2,0.04167,0.11754,0.00344,0.20754,0.11484,False
346,HLA-C,3,0.08333,0.13025,0.00676,0.17313,0.11352,False
347,TNFRSF4,4,0.125,0.13856,0.00198,0.14815,0.11257,False
348,IRAK1,4,0.125,0.12908,0.01879,0.14322,0.11136,False
349,ICOS,4,0.125,0.13478,0.00017,0.14887,0.11132,False
350,H3C12,3,0.08333,0.14278,0.00688,0.1557,0.11121,False
351,TRAF5,4,0.125,0.12724,0.01684,0.14419,0.11075,False
352,H3C13,3,0.08333,0.14375,0.0,0.15669,0.11047,False
353,RIPK1,4,0.125,0.12337,0.0,0.15591,0.11033,False
354,ATG3,3,0.08333,0.14573,0.08761,0.10431,0.11025,False
355,DAXX,3,0.08333,0.14234,0.03607,0.13558,0.10987,False
356,IL10RB,4,0.125,0.13151,0.00431,0.14487,0.10977,False
357,NUDT2,2,0.04167,0.10579,0.00344,0.20245,0.10953,False
358,KRAS,3,0.08333,0.14776,0.05593,0.11749,0.10914,False
359,IGHV3-43D,3,0.08333,0.10891,0.10039,0.12462,0.10887,False
360,GAST,3,0.08333,0.16241,0.03441,0.11537,0.10849,False
361,ERAP2,2,0.04167,0.07816,0.00337,0.21789,0.10663,True
362,RELA,4,0.125,0.11581,0.0,0.15101,0.10635,False
363,CCL4L2,3,0.08333,0.11541,0.10416,0.10956,0.1063,False
364,IL17RC,4,0.125,0.11092,0.0,0.15496,0.10626,False
365,IL10RA,4,0.125,0.1272,0.00045,0.14041,0.10614,False
366,NKX2-3,2,0.04167,0.06654,0.00344,0.22564,0.10587,True
367,IL1A,4,0.125,0.12603,0.0,0.14038,0.10569,False
368,CXCL8,3,0.08333,0.11368,0.11147,0.10481,0.10558,False
369,LDB2,3,0.08333,0.14736,0.04577,0.11089,0.10468,False
370,IFNAR1,4,0.125,0.11847,0.0,0.14349,0.10451,False
371,ATP12A,3,0.08333,0.15575,0.00719,0.12511,0.10445,False
372,BCL2,3,0.08333,0.14208,0.04729,0.11213,0.10383,False
373,KLRK1,3,0.08333,0.15166,0.0,0.12917,0.10321,False
374,LCK,3,0.08333,0.13089,0.05331,0.11423,0.10241,False
375,IFNGR1,4,0.125,0.10766,0.00048,0.14484,0.10184,False
376,IL22,4,0.125,0.09355,0.0,0.1548,0.101,False
377,ARRB1,2,0.04167,0.06289,0.25476,0.07035,0.10069,False
378,ZAP70,3,0.08333,0.12268,0.00725,0.13921,0.09948,False
379,RACK1,2,0.04167,0.13194,0.00688,0.1493,0.09947,False
380,CXCL17,2,0.04167,0.11418,0.00688,0.16455,0.09947,False
381,IL7,4,0.125,0.09664,0.0,0.14304,0.09781,False
382,CXCL12,3,0.08333,0.12941,0.03656,0.11082,0.09742,False
383,CCR7,3,0.08333,0.12766,0.04381,0.10779,0.09729,False
384,ULBP1,3,0.08333,0.13729,0.0083,0.11755,0.09649,False
385,CCR2,3,0.08333,0.13456,0.01424,0.11559,0.09617,False
386,PRKACG,3,0.08333,0.13339,0.02432,0.10998,0.09587,False
387,PRKACB,3,0.08333,0.13344,0.01865,0.11002,0.09477,False
388,TAB1,2,0.04167,0.10083,0.11952,0.09813,0.09475,False
389,NTM,1,0.0,0.10287,0.0,0.18235,0.09468,False
390,BCL2L1,3,0.08333,0.1441,0.00181,0.10996,0.09458,False
391,ETV6,1,0.0,0.1008,0.0,0.17954,0.09308,False
392,MAVS,3,0.08333,0.13701,0.0,0.11118,0.09252,False
393,TRIM3,1,0.0,0.09893,0.0,0.177,0.09163,False
394,SIN3B,1,0.0,0.09891,0.0,0.17697,0.09161,False
395,CYB5R3,2,0.04167,0.10548,0.15131,0.06688,0.09156,False
396,ESRP1,1,0.0,0.09793,0.0,0.17565,0.09086,False
397,SMAD2,3,0.08333,0.13304,0.0,0.10977,0.09083,False
398,NCF1,2,0.04167,0.102,0.14643,0.07022,0.09071,False
399,GNB1,3,0.08333,0.11806,0.02165,0.10767,0.08993,False
400,TLR2,3,0.08333,0.11347,0.02658,0.10861,0.08987,False
401,RAB35,2,0.04167,0.12424,0.02864,0.11588,0.08981,False
402,PLCG2,3,0.08333,0.12667,0.0,0.112,0.0897,False
403,RPL23,2,0.04167,0.12616,0.09422,0.07638,0.08967,False
404,ITCH,2,0.04167,0.1047,0.13687,0.06949,0.08936,False
405,CLK2,1,0.0,0.09469,0.0,0.17124,0.08834,False
406,SPI1,3,0.08333,0.10912,0.02167,0.11072,0.08832,False
407,ARL14,1,0.0,0.09404,0.0,0.17036,0.08784,False
408,HDAC2,3,0.08333,0.11492,0.01632,0.10615,0.08739,False
409,ARF6,1,0.0,0.09327,0.0,0.16931,0.08724,False
410,GNAI1,3,0.08333,0.12077,0.0,0.1098,0.08716,False
411,CLK3,1,0.0,0.09261,0.0,0.16842,0.08673,False
412,TAL1,3,0.08333,0.11687,0.0,0.11182,0.0867,False
413,CASP8,3,0.08333,0.11013,0.00453,0.11162,0.08551,False
414,NDUFS2,2,0.04167,0.1129,0.10982,0.06628,0.08528,False
415,GNAI3,3,0.08333,0.11639,0.0,0.10659,0.08472,False
416,DDB1,2,0.04167,0.11308,0.01377,0.11934,0.0847,False
417,TPP2,2,0.04167,0.08509,0.0,0.15108,0.08466,False
418,NFKB2,3,0.08333,0.09005,0.03055,0.11143,0.08462,False
419,AOX1,2,0.04167,0.12092,0.09097,0.06761,0.08438,False
420,APRT,3,0.08333,0.1116,0.00568,0.10619,0.08428,False
421,OVOL2,1,0.0,0.08937,0.0,0.16402,0.08422,False
422,GNAI2,3,0.08333,0.11536,0.0,0.10588,0.08417,False
423,PTGES,3,0.08333,0.11354,0.0,0.107,0.08401,False
424,AK3,3,0.08333,0.11165,0.00224,0.10623,0.08363,False
425,SINHCAF,1,0.0,0.0884,0.0,0.16269,0.08346,False
426,KIF11,1,0.0,0.08837,0.0,0.16266,0.08344,False
427,DCK,3,0.08333,0.11074,0.0,0.1076,0.08338,False
428,RAC2,2,0.04167,0.12897,0.07534,0.06625,0.0832,False
429,MAPKAPK2,2,0.04167,0.11832,0.07059,0.078,0.08316,False
430,BATF2,1,0.0,0.08651,0.0,0.16012,0.082,False
431,NOTCH1,2,0.04167,0.11443,0.07954,0.07149,0.08151,False
432,DLG4,2,0.04167,0.11521,0.07212,0.07303,0.08079,False
433,COL1A1,2,0.04167,0.1118,0.08029,0.07122,0.08078,False
434,TNFRSF9,3,0.08333,0.09728,0.00256,0.10955,0.08054,False
435,RYR3,1,0.0,0.08444,0.0,0.15732,0.08039,False
436,TIRAP,3,0.08333,0.10218,0.0,0.10606,0.08028,False
437,PDCD1,3,0.08333,0.09294,0.0,0.11271,0.07983,False
438,ZNF366,1,0.0,0.03942,0.0,0.19294,0.07935,True
439,IL1RAP,3,0.08333,0.0923,0.0,0.1073,0.07775,False
440,PKM,2,0.04167,0.10979,0.05327,0.07967,0.07772,False
441,CYLD,2,0.04167,0.07182,0.11446,0.07705,0.07766,False
442,CYP2C19,2,0.04167,0.09395,0.08336,0.07567,0.07759,False
443,PPP3R1,2,0.04167,0.10923,0.0687,0.07069,0.0775,False
444,IL3,3,0.08333,0.08601,0.0,0.11147,0.07732,False
445,STX1A,2,0.04167,0.122,0.03984,0.07551,0.07724,False
446,IL6ST,3,0.08333,0.08334,0.0,0.1117,0.0766,False
447,BIRC2,3,0.08333,0.08499,0.0,0.11011,0.07653,False
448,TRADD,3,0.08333,0.08499,0.0,0.11011,0.07653,False
449,NFKBIB,3,0.08333,0.07985,0.0,0.11389,0.07632,False
450,TRRAP,2,0.04167,0.10636,0.07212,0.06767,0.07627,False
451,C5orf30,2,0.04167,0.23201,0.0,0.0,0.07585,False
452,RELB,3,0.08333,0.07695,0.0,0.11368,0.07537,False
453,RACGAP1,1,0.0,0.0966,0.0,0.13214,0.07523,False
454,ADSL,2,0.04167,0.08535,0.09344,0.07028,0.07514,False
455,NUDT3,1,0.0,0.03123,0.0,0.1867,0.07471,True
456,SNTA1,2,0.04167,0.10952,0.05327,0.07042,0.0744,False
457,MTR,2,0.04167,0.11066,0.05127,0.0678,0.07343,False
458,PPEF2,1,0.0,0.09237,0.0,0.12777,0.07243,False
459,IL13RA1,3,0.08333,0.06852,0.00023,0.11206,0.07232,False
460,IL17RB,3,0.08333,0.07097,0.0002,0.10824,0.07171,False
461,CEP63,1,0.0,0.0908,0.0,0.12615,0.07139,False
462,CAD,2,0.04167,0.1123,0.03239,0.07113,0.07131,False
463,ATIC,2,0.04167,0.10672,0.04011,0.0687,0.07033,False
464,MYH9,2,0.04167,0.13394,0.00057,0.0667,0.06989,False
465,DCC,2,0.04167,0.0912,0.05795,0.07034,0.06982,False
466,LHX9,2,0.04167,0.08974,0.02398,0.09096,0.0698,False
467,L1CAM,1,0.0,0.08776,0.0,0.12301,0.06938,False
468,IL15,3,0.08333,0.06353,0.0,0.10689,0.06897,False
469,MAPK3,2,0.04167,0.07136,0.07969,0.0711,0.06848,False
470,RUFY3,1,0.0,0.08606,0.0,0.12125,0.06826,False
471,CD74,2,0.04167,0.09692,0.02454,0.07927,0.06798,False
472,ANK1,2,0.04167,0.08916,0.02173,0.0861,0.06748,False
473,RAC3,2,0.04167,0.14498,0.00344,0.04833,0.06735,False
474,ROBO1,2,0.04167,0.10349,0.01909,0.07447,0.06718,False
475,THOC1,2,0.04167,0.09873,0.0,0.08909,0.06705,False
476,CYTH2,1,0.0,0.08371,0.0,0.11883,0.06671,False
477,CD47,2,0.04167,0.08949,0.00122,0.09511,0.06663,False
478,GNB2,2,0.04167,0.08737,0.03978,0.07451,0.0665,False
479,GSK3B,2,0.04167,0.08825,0.04652,0.06899,0.06618,False
480,FAU,1,0.0,0.08282,0.0,0.11791,0.06612,False
481,ING2,1,0.0,0.08282,0.0,0.11791,0.06612,False
482,CHTOP,2,0.04167,0.09695,0.0,0.08786,0.06609,False
483,THOC5,2,0.04167,0.0969,0.0,0.08772,0.06602,False
484,COL1A2,2,0.04167,0.11372,0.0,0.07219,0.06563,False
485,CD2AP,2,0.04167,0.09476,0.02753,0.07268,0.06562,False
486,TET2,2,0.04167,0.10181,0.00569,0.078,0.06523,False
487,MPST,2,0.04167,0.11533,0.00102,0.06876,0.06512,False
488,EBF1,2,0.04167,0.08759,0.02621,0.078,0.06507,False
489,TST,2,0.04167,0.11546,0.0,0.06883,0.06498,False
490,CYTH1,1,0.0,0.081,0.0,0.11603,0.06491,False
491,HSPA9,2,0.04167,0.09794,0.01178,0.0761,0.06462,False
492,PPARGC1A,2,0.04167,0.10386,0.00912,0.07248,0.0646,False
493,COPS5,2,0.04167,0.09901,0.018,0.0709,0.06437,False
494,ROBO2,2,0.04167,0.10504,0.0,0.0754,0.06415,False
495,DDX39B,2,0.04167,0.09345,0.0,0.08513,0.06408,False
496,PPP3CA,2,0.04167,0.10929,0.0,0.07073,0.06379,False
497,PTPN11,2,0.04167,0.06828,0.04685,0.07845,0.06356,False
498,UNC5D,2,0.04167,0.09475,0.0,0.08239,0.06351,False
499,TYROBP,2,0.04167,0.08012,0.0,0.09442,0.06333,False
500,SP140L,1,0.0,0.07852,0.0,0.11347,0.06327,False
501,TPH1,2,0.04167,0.10587,0.0,0.07166,0.06309,False
502,IGKV1D-33,1,0.0,0.07816,0.0,0.1131,0.06303,False
503,IGKV1-33,1,0.0,0.07816,0.0,0.1131,0.06303,False
504,CALML5,2,0.04167,0.09471,0.00998,0.07523,0.06299,False
505,CALML6,2,0.04167,0.09471,0.00998,0.07523,0.06299,False
506,CALML4,2,0.04167,0.09471,0.00998,0.07523,0.06299,False
507,NCOA2,2,0.04167,0.09906,0.0082,0.07175,0.06272,False
508,GART,2,0.04167,0.10714,0.0,0.06891,0.06251,False
509,ICOSLG,2,0.04167,0.05344,0.08077,0.06867,0.06247,False
510,NEDD4L,2,0.04167,0.09824,0.00854,0.07149,0.06245,False
511,NECTIN1,2,0.04167,0.07812,0.03773,0.07167,0.06232,False
512,PPA1,2,0.04167,0.09592,0.0,0.07785,0.06227,False
513,NCR1,2,0.04167,0.08894,0.01382,0.07577,0.06222,False
514,PRKN,2,0.04167,0.09652,0.00154,0.07553,0.06195,False
515,COL5A1,2,0.04167,0.10928,0.00038,0.06499,0.06186,False
516,HLA-B,2,0.04167,0.07645,0.00596,0.08984,0.06182,False
517,SIN3A,2,0.04167,0.0927,0.0081,0.07458,0.06178,False
518,CYB5R1,2,0.04167,0.10607,0.0,0.06718,0.06158,False
519,UQCC1,1,0.0,0.08856,0.0,0.09988,0.06152,False
520,TCF7L1,2,0.04167,0.09057,0.0,0.08009,0.06145,False
521,CD79A,2,0.04167,0.08092,0.0,0.08769,0.06122,False
522,PRMT5,2,0.04167,0.08457,0.02422,0.07053,0.06115,False
523,PLK1,1,0.0,0.07521,0.0,0.11005,0.06108,False
524,H3-5,2,0.04167,0.08139,0.00569,0.08336,0.06098,False
525,H3-2,2,0.04167,0.08139,0.00569,0.08336,0.06098,False
526,H3-3B,2,0.04167,0.08139,0.00569,0.08336,0.06098,False
527,PPA2,2,0.04167,0.09315,0.0,0.07611,0.06084,False
528,CD22,2,0.04167,0.08368,0.00838,0.07933,0.06079,False
529,LHPP,2,0.04167,0.09252,0.0,0.0757,0.0605,False
530,AK9,1,0.0,0.07429,0.0,0.1091,0.06047,False
531,CXCR2,2,0.04167,0.09536,0.0,0.07311,0.06045,False
532,JUP,2,0.04167,0.08579,0.0,0.08109,0.06037,False
533,CDKN2A,2,0.04167,0.0967,0.0,0.07173,0.06036,False
534,ADGRL3,2,0.04167,0.08656,0.0,0.08035,0.06034,False
535,NLK,2,0.04167,0.0857,0.0,0.08103,0.06032,False
536,SPR,2,0.04167,0.09961,0.0,0.06898,0.06028,False
537,H3-4,2,0.04167,0.08164,0.0,0.08353,0.05998,False
538,PRKCD,2,0.04167,0.07004,0.03662,0.07246,0.05995,False
539,NTN1,2,0.04167,0.09428,0.0,0.07251,0.05991,False
540,CD19,2,0.04167,0.07884,0.0,0.08563,0.05987,False
541,CREB1,2,0.04167,0.08986,0.00837,0.07128,0.05983,False
542,NCR3,2,0.04167,0.08955,0.0,0.07608,0.05974,False
543,BGN,1,0.0,0.08551,0.0,0.09734,0.05972,False
544,PRTN3,2,0.04167,0.09117,0.0,0.07449,0.05967,False
545,ULBP2,2,0.04167,0.07999,0.0,0.08393,0.05962,False
546,CD5,2,0.04167,0.09031,0.0,0.07497,0.05958,False
547,CXCL11,2,0.04167,0.08259,0.00308,0.07819,0.05901,False
548,ANLN,1,0.0,0.07195,0.0,0.10668,0.05892,False
549,UNC5C,2,0.04167,0.08606,0.0,0.07611,0.0587,False
550,PIK3R1,2,0.04167,0.0833,0.00523,0.07509,0.05857,False
551,MAPK1,2,0.04167,0.08441,0.0,0.07634,0.05829,False
552,CD79B,2,0.04167,0.07549,0.0,0.08353,0.05813,False
553,SLC9B2,1,0.0,0.05768,0.0,0.11665,0.05813,False
554,XCL2,2,0.04167,0.07984,0.0,0.07941,0.058,False
555,MAF,2,0.04167,0.0778,0.00877,0.07586,0.05789,False
556,CYTH3,1,0.0,0.07013,0.0,0.1048,0.05772,False
557,GNB3,2,0.04167,0.06479,0.04111,0.06772,0.05761,False
558,UBB,2,0.04167,0.06835,0.01905,0.07655,0.05736,False
559,PTGES3,2,0.04167,0.08118,0.00717,0.07203,0.05725,False
560,SAP30,1,0.0,0.0692,0.0,0.10384,0.0571,False
561,CCL19,2,0.04167,0.08255,0.00044,0.07419,0.05707,False
562,CEP152,1,0.0,0.06882,0.0,0.10346,0.05686,False
563,ITPA,2,0.04167,0.07543,0.0,0.07989,0.05684,False
564,NCOA1,2,0.04167,0.08543,0.00355,0.06822,0.05647,False
565,RRM1,1,0.0,0.06818,0.0,0.10279,0.05643,False
566,ACP5,2,0.04167,0.08759,0.0,0.06821,0.0564,False
567,RAB27A,1,0.0,0.07948,0.0,0.09232,0.05615,False
568,ADGRL1,2,0.04167,0.07881,0.0,0.07471,0.05604,False
569,HLA-DQA1,2,0.04167,0.07306,0.0,0.07953,0.056,False
570,COX20,1,0.0,0.07909,0.0,0.09199,0.05593,False
571,SMAD4,2,0.04167,0.07905,0.0,0.07366,0.05575,False
572,MCL1,2,0.04167,0.07921,0.0,0.07343,0.05572,False
573,ATG7,2,0.04167,0.07978,0.0,0.0729,0.0557,False
574,MAPK8,2,0.04167,0.08062,0.00736,0.06795,0.05569,False
575,BAX,2,0.04167,0.07905,0.0,0.07332,0.05563,False
576,GABARAPL1,2,0.04167,0.0795,0.0,0.07271,0.05555,False
577,NFATC2,2,0.04167,0.08133,0.0,0.07058,0.05535,False
578,BLNK,2,0.04167,0.07347,0.0,0.07728,0.05534,False
579,GATA1,2,0.04167,0.07532,0.0,0.07571,0.05534,False
580,JUNB,2,0.04167,0.07846,0.0,0.07291,0.05531,False
581,JUND,2,0.04167,0.07846,0.0,0.07291,0.05531,False
582,BCL2A1,2,0.04167,0.0784,0.0,0.07288,0.05528,False
583,FOSB,2,0.04167,0.0784,0.0,0.07287,0.05528,False
584,FOSL1,2,0.04167,0.07835,0.0,0.07284,0.05525,False
585,BTK,2,0.04167,0.0715,0.00479,0.0759,0.05522,False
586,NOD1,2,0.04167,0.07478,0.0,0.0758,0.05521,False
587,KIT,2,0.04167,0.07264,0.00913,0.07238,0.0552,False
588,CFTR,1,0.0,0.06629,0.0,0.10084,0.05518,False
589,VAV1,2,0.04167,0.07268,0.0,0.07673,0.05491,False
590,ITK,2,0.04167,0.07849,0.00343,0.06975,0.05489,False
591,DISC1,2,0.04167,0.07134,0.0,0.07745,0.05476,False
592,BCL2L2,2,0.04167,0.07709,0.0,0.07199,0.05457,False
593,FOXH1,2,0.04167,0.07721,0.0,0.07109,0.05429,False
594,ESR1,2,0.04167,0.06702,0.00947,0.07329,0.0539,False
595,HRAS,2,0.04167,0.07669,0.0,0.07016,0.05381,False
596,CLEC7A,2,0.04167,0.06748,0.0,0.0774,0.05358,False
597,EGR1,1,0.0,0.07496,0.0,0.08855,0.05348,False
598,RIPK2,2,0.04167,0.06798,0.0,0.07668,0.05348,False
599,CBFB,2,0.04167,0.0685,0.0,0.07557,0.05325,False
600,HSPA4,2,0.04167,0.06603,0.00984,0.07196,0.05321,False
601,CCL8,2,0.04167,0.07228,0.0,0.07181,0.05307,False
602,CCL3,2,0.04167,0.07288,0.0,0.07114,0.05301,False
603,RAB27B,1,0.0,0.07393,0.0,0.08769,0.05287,False
604,IDO1,2,0.04167,0.07562,0.0,0.0683,0.05284,False
605,PTGIS,2,0.04167,0.06914,0.0,0.0736,0.05275,False
606,FOXA1,2,0.04167,0.06817,0.0,0.07419,0.05267,False
607,FOXP3,2,0.04167,0.06949,0.0,0.07282,0.05258,False
608,EGR2,1,0.0,0.07335,0.0,0.08721,0.05253,False
609,GNAQ,2,0.04167,0.06658,0.00851,0.07023,0.05251,False
610,MLPH,1,0.0,0.07326,0.0,0.08714,0.05248,False
611,TBX21,2,0.04167,0.06552,0.0,0.07576,0.05242,False
612,MAL2,1,0.0,0.08176,0.0,0.07894,0.05216,False
613,TBK1,2,0.04167,0.06373,0.00644,0.07268,0.0521,False
614,OLIG3,1,0.0,0.0,0.0,0.14822,0.05188,True
615,CD36,2,0.04167,0.06795,0.01399,0.06373,0.05174,False
616,PTGES2,2,0.04167,0.06735,0.0,0.07225,0.05174,False
617,LNX1,1,0.0,0.06102,0.0,0.0954,0.05169,False
618,ALOX15,2,0.04167,0.06724,0.0,0.07218,0.05168,False
619,AKAP6,2,0.04167,0.06584,0.0,0.073,0.05155,False
620,CAPN10,1,0.0,0.04608,0.0,0.10759,0.05148,False
621,LTBR,2,0.04167,0.05973,0.0,0.07776,0.05138,False
622,CEBPA,2,0.04167,0.06445,0.0,0.07359,0.05134,False
623,ICAM1,2,0.04167,0.06391,0.0,0.07395,0.05131,False
624,CARD11,2,0.04167,0.06484,0.0,0.07313,0.0513,False
625,ARRB2,2,0.04167,0.06512,0.0,0.07245,0.05115,False
626,EGR3,1,0.0,0.07057,0.0,0.08489,0.05088,False
627,S100A6,1,0.0,0.07923,0.0,0.07718,0.05078,False
628,GMPR,2,0.04167,0.06521,0.0,0.07059,0.05052,False
629,TNFRSF1B,2,0.04167,0.05269,0.0,0.08092,0.05038,False
630,HSP90AA1,2,0.04167,0.05656,0.01912,0.06558,0.04999,False
631,BCL10,2,0.04167,0.05782,0.0,0.07469,0.04974,False
632,TLR6,2,0.04167,0.06254,0.0,0.06992,0.04948,False
633,NDRG1,1,0.0,0.06777,0.0,0.08256,0.04923,False
634,WNT1,1,0.0,0.0674,0.0,0.08226,0.04901,False
635,CSF2RA,2,0.04167,0.05391,0.0,0.0751,0.04871,False
636,CXorf21,2,0.04167,0.08993,0.00344,0.04204,0.04863,False
637,CD274,2,0.04167,0.05283,0.0,0.07531,0.04846,False
638,LY96,2,0.04167,0.06044,0.0,0.06841,0.04833,False
639,TPD52L1,1,0.0,0.07472,0.0,0.07403,0.04832,False
640,CD27,2,0.04167,0.0525,0.0,0.07521,0.04832,False
641,TAX1BP1,2,0.04167,0.04343,0.0,0.0828,0.04826,False
642,UNC93B1,2,0.04167,0.05692,0.0,0.07114,0.04823,False
643,RSBN1,1,0.0,0.05477,0.0,0.08977,0.04785,False
644,ECI2,1,0.0,0.0736,0.0,0.07325,0.04772,False
645,LOC102723996,2,0.04167,0.05272,0.0013,0.0721,0.04756,False
646,IL17RE,2,0.04167,0.04407,0.0,0.08013,0.04751,False
647,IL25,2,0.04167,0.04375,0.0,0.07975,0.04729,False
648,IL11,2,0.04167,0.05002,0.0,0.07431,0.04726,False
649,HMGB1,2,0.04167,0.05316,0.0,0.07083,0.04699,False
650,TNIP2,2,0.04167,0.04145,0.0,0.0808,0.04697,False
651,IFNA1,2,0.04167,0.05157,8e-05,0.07179,0.04687,False
652,ANXA7,1,0.0,0.07193,0.0,0.07209,0.04681,False
653,EGR4,1,0.0,0.0635,0.0,0.07901,0.0467,False
654,FGFR1OP,1,0.0,0.07147,0.0,0.07176,0.04656,False
655,RNASE6,1,0.0,0.07112,0.0,0.07152,0.04637,False
656,TICAM1,2,0.04167,0.05203,0.0,0.0698,0.04629,False
657,IGF2,1,0.0,0.04223,0.0,0.09598,0.04626,False
658,TRAF3,2,0.04167,0.04449,0.0,0.07608,0.04623,False
659,TNFSF9,2,0.04167,0.05302,0.0,0.06854,0.04615,False
660,CNTF,2,0.04167,0.04813,0.0,0.07268,0.04613,False
661,EPOR,2,0.04167,0.0481,0.0,0.0725,0.04606,False
662,HSDL2,1,0.0,0.0699,0.0,0.07067,0.04571,False
663,DCN,1,0.0,0.06169,0.0,0.0775,0.04563,False
664,STAT2,2,0.04167,0.04587,0.0,0.07249,0.04538,False
665,IFT52,1,0.0,0.06902,0.0,0.07005,0.04522,False
666,CHRNA1,1,0.0,0.07561,0.0,0.06424,0.04517,False
667,PDCD6,1,0.0,0.06845,0.0,0.06966,0.04492,False
668,IFT46,1,0.0,0.06806,0.0,0.06938,0.0447,False
669,MAP3K7,2,0.04167,0.04515,0.0,0.07047,0.04446,False
670,TPD52L2,1,0.0,0.06708,0.0,0.0687,0.04417,False
671,MT-CYB,1,0.0,0.05892,0.0,0.07519,0.04399,False
672,IFT74,1,0.0,0.06651,0.0,0.0683,0.04386,False
673,RAPSN,1,0.0,0.07261,0.0,0.06244,0.04364,False
674,IL13RA2,2,0.04167,0.03551,0.0,0.07621,0.04358,False
675,IL1R2,2,0.04167,0.04101,0.0,0.07135,0.04353,False
676,MST1R,1,0.0,0.07771,0.0,0.05748,0.04343,False
677,ACOX2,1,0.0,0.06546,0.0,0.06757,0.04329,False
678,ANG,1,0.0,0.06496,0.0,0.06722,0.04301,False
679,TTC30A,1,0.0,0.06471,0.0,0.06705,0.04288,False
680,HNF1A,1,0.0,0.04676,0.0,0.08143,0.04253,False
681,RNASE2,1,0.0,0.06391,0.0,0.06649,0.04245,False
682,UQCC3,1,0.0,0.05581,0.0,0.0726,0.04215,False
683,MYO5A,1,0.0,0.05571,0.0,0.07252,0.0421,False
684,DCAF4,1,0.0,0.05283,0.0,0.07485,0.04204,False
685,BTNL2,1,0.0,0.06306,0.0,0.0659,0.04198,False
686,SOCS3,2,0.04167,0.03601,0.0,0.07096,0.04189,False
687,RIN1,1,0.0,0.04226,0.0,0.08298,0.04172,False
688,TTC30B,1,0.0,0.06161,0.0,0.06488,0.04119,False
689,SOCS1,2,0.04167,0.03421,0.0,0.0705,0.04119,False
690,ATP6V1G2,1,0.0,0.04534,0.0,0.07862,0.04112,False
691,ETFA,1,0.0,0.06127,0.0,0.06464,0.04101,False
692,LEPR,2,0.04167,0.036,0.0,0.06778,0.04077,False
693,MADCAM1,1,0.0,0.02322,0.0,0.09615,0.04062,False
694,DAB2IP,1,0.0,0.04049,0.0,0.08099,0.04049,False
695,ETFB,1,0.0,0.05967,0.0,0.06353,0.04013,False
696,RNASE1,1,0.0,0.05845,0.0,0.06268,0.03947,False
697,SYNPR,1,0.0,0.04868,0.0,0.07029,0.0392,False
698,RSPH3,1,0.0,0.04669,0.0,0.07191,0.03917,False
699,CHRND,1,0.0,0.06256,0.0,0.0564,0.03851,False
700,MTMR9,1,0.0,0.0435,0.0,0.07246,0.03841,False
701,GALM,1,0.0,0.06579,0.0,0.0512,0.03766,False
702,SUFU,1,0.0,0.06325,0.0,0.05265,0.03741,False
703,GNE,1,0.0,0.0652,0.0,0.05089,0.03737,False
704,PKD2,1,0.0,0.0434,0.0,0.06954,0.03736,False
705,P4HB,2,0.04167,0.02763,0.0,0.06467,0.03717,False
706,RGS1,1,0.0,0.04314,0.0,0.06864,0.03697,False
707,ADCY5,1,0.0,0.04274,0.0,0.06892,0.03694,False
708,MUSK,1,0.0,0.05944,0.0,0.05453,0.03692,False
709,TPD52L3,1,0.0,0.05348,0.0,0.05921,0.03676,False
710,MRPS2,1,0.0,0.05288,0.0,0.05879,0.03644,False
711,CAT,1,0.0,0.06317,0.0,0.04982,0.03639,False
712,SPRED1,1,0.0,0.05439,0.0,0.05704,0.03628,False
713,CUL4A,1,0.0,0.04334,0.0,0.06641,0.03625,False
714,MGAM,1,0.0,0.06246,0.0,0.04945,0.03604,False
715,NF1,1,0.0,0.05362,0.0,0.05653,0.03587,False
716,CUL4B,1,0.0,0.04269,0.0,0.06583,0.03585,False
717,SPINT1,1,0.0,0.06112,0.0,0.04874,0.03539,False
718,PHF2,1,0.0,0.05579,0.0,0.0529,0.03525,False
719,SH3KBP1,1,0.0,0.04424,0.0,0.06199,0.03497,False
720,DENND1A,1,0.0,0.04142,0.0,0.06418,0.03489,False
721,APEH,1,0.0,0.06002,0.0,0.04816,0.03486,False
722,IDE,1,0.0,0.06955,0.0,0.0389,0.03448,False
723,HPN,1,0.0,0.05893,0.0,0.04759,0.03433,False
724,MLLT3,1,0.0,0.06902,0.0,0.03869,0.03425,False
725,CHRNB1,1,0.0,0.05401,0.0,0.05127,0.03415,False
726,MLLT1,1,0.0,0.0685,0.0,0.03849,0.03402,False
727,SI,1,0.0,0.05818,0.0,0.04719,0.03397,False
728,YWHAE,1,0.0,0.03973,0.0,0.06269,0.03386,False
729,SPINT2,1,0.0,0.05795,0.0,0.04707,0.03386,False
730,PTK6,1,0.0,0.04231,0.0,0.06041,0.03384,False
731,SAV1,1,0.0,0.05784,0.0,0.04701,0.03381,False
732,CHRNE,1,0.0,0.0532,0.0,0.05078,0.03373,False
733,KIAA1109,1,0.0,0.03764,0.0,0.06357,0.03354,False
734,CDK9,1,0.0,0.06725,0.0,0.03801,0.03348,False
735,TMOD4,1,0.0,0.05781,0.0,0.04584,0.03339,False
736,TFG,1,0.0,0.04723,0.0,0.05485,0.03337,False
737,MGAM2,1,0.0,0.05687,0.0,0.0465,0.03334,False
738,RASSF5,1,0.0,0.02956,0.0,0.06937,0.03315,False
739,CAPZA2,1,0.0,0.05726,0.0,0.04556,0.03312,False
740,CEBPE,1,0.0,0.05052,0.0,0.0497,0.03255,False
741,SYP,1,0.0,0.03736,0.0,0.06034,0.03233,False
742,PDE4C-2,1,0.0,0.03533,0.0,0.06204,0.03231,False
743,SYVN1,1,0.0,0.05772,0.0,0.04238,0.03215,False
744,OS9,1,0.0,0.05772,0.0,0.04238,0.03215,False
745,NBR1,1,0.0,0.04641,0.0,0.05174,0.03203,False
746,CAPZB,1,0.0,0.0546,0.0,0.04419,0.03185,False
747,APP,1,0.0,0.06349,0.0,0.03656,0.03184,False
748,ACE,1,0.0,0.06327,0.0,0.03648,0.03175,False
749,SEL1L,1,0.0,0.05682,0.0,0.04195,0.03173,False
750,POFUT2,1,0.0,0.02591,0.0,0.0684,0.03171,False
751,CAPZA1,1,0.0,0.05414,0.0,0.04395,0.03163,False
752,PABPN1,1,0.0,0.0533,0.0,0.04462,0.03161,False
753,ALKBH5,1,0.0,0.0629,0.0,0.03633,0.03159,False
754,XKR6,1,0.0,0.03259,0.0,0.0619,0.03144,False
755,EAF1,1,0.0,0.06236,0.0,0.03613,0.03135,False
756,GPR152,1,0.0,0.05032,0.0,0.04546,0.03101,False
757,MLNR,1,0.0,0.05684,0.0,0.03904,0.03072,False
758,GALR2,1,0.0,0.06091,0.0,0.03557,0.03072,False
759,GALR3,1,0.0,0.06091,0.0,0.03557,0.03072,False
760,GALR1,1,0.0,0.06091,0.0,0.03557,0.03072,False
761,MET,1,0.0,0.0514,0.0,0.04362,0.03069,False
762,LUC7L,1,0.0,0.02943,0.0,0.06231,0.03064,False
763,TERF2,1,0.0,0.0586,0.0,0.03723,0.03061,False
764,PLD2,1,0.0,0.0606,0.0,0.03545,0.03058,False
765,NR2C2,1,0.0,0.0581,0.0,0.03754,0.03057,False
766,BACE1,1,0.0,0.06029,0.0,0.03533,0.03045,False
767,GCNT2,1,0.0,0.06023,0.0,0.03531,0.03043,False
768,PFKM,1,0.0,0.06024,0.0,0.03531,0.03043,False
769,ALKBH1,1,0.0,0.05985,0.0,0.03516,0.03026,False
770,DARS2,1,0.0,0.05983,0.0,0.03515,0.03025,False
771,LST1,1,0.0,0.02859,0.0,0.06145,0.03009,False
772,NPY,1,0.0,0.05934,0.0,0.03496,0.03004,False
773,COG3,1,0.0,0.05931,0.0,0.03495,0.03002,False
774,COG1,1,0.0,0.05931,0.0,0.03495,0.03002,False
775,COG8,1,0.0,0.05931,0.0,0.03495,0.03002,False
776,COG7,1,0.0,0.05931,0.0,0.03495,0.03002,False
777,COG2,1,0.0,0.05931,0.0,0.03495,0.03002,False
778,COG4,1,0.0,0.05931,0.0,0.03495,0.03002,False
779,COG5,1,0.0,0.05931,0.0,0.03495,0.03002,False
780,TFE3,1,0.0,0.02685,0.0,0.06257,0.02996,False
781,UNC119,1,0.0,0.09966,0.0,0.0,0.0299,False
782,PFKFB2,1,0.0,0.05877,0.0,0.03474,0.02979,False
783,MTMR7,1,0.0,0.03001,0.0,0.0594,0.02979,False
784,FBP2,1,0.0,0.05868,0.0,0.03471,0.02975,False
785,MAGI1,1,0.0,0.04445,0.0,0.04679,0.02971,False
786,MC4R,1,0.0,0.05852,0.0,0.03465,0.02968,False
787,PACSIN3,1,0.0,0.05551,0.0,0.03714,0.02965,False
788,MAGI2,1,0.0,0.04429,0.0,0.04669,0.02963,False
789,FDXR,1,0.0,0.05636,0.0,0.03629,0.02961,False
790,MYH11,1,0.0,0.05709,0.0,0.0356,0.02959,False
791,C16orf87,1,0.0,0.04472,0.0,0.04618,0.02958,False
792,B4GALT1,1,0.0,0.05819,0.0,0.03452,0.02954,False
793,NR3C2,1,0.0,0.05816,0.0,0.03451,0.02953,False
794,VARS2,1,0.0,0.05811,0.0,0.03449,0.02951,False
795,PFKP,1,0.0,0.05813,0.0,0.03449,0.02951,False
796,RHOA,1,0.0,0.05669,0.0,0.03563,0.02948,False
797,METTL14,1,0.0,0.05804,0.0,0.03446,0.02947,False
798,TIGAR,1,0.0,0.05804,0.0,0.03446,0.02947,False
799,PFKL,1,0.0,0.05804,0.0,0.03446,0.02947,False
800,COL4A3,1,0.0,0.05396,0.0,0.03792,0.02946,False
801,RPL10,1,0.0,0.04969,0.0,0.04155,0.02945,False
802,RPS19,1,0.0,0.04969,0.0,0.04155,0.02945,False
803,RPL35,1,0.0,0.04969,0.0,0.04155,0.02945,False
804,RPS18,1,0.0,0.04969,0.0,0.04155,0.02945,False
805,RPL15,1,0.0,0.04969,0.0,0.04155,0.02945,False
806,RPL34,1,0.0,0.04969,0.0,0.04155,0.02945,False
807,RPSA,1,0.0,0.04969,0.0,0.04155,0.02945,False
808,RPS16,1,0.0,0.04969,0.0,0.04155,0.02945,False
809,CPLX1,1,0.0,0.05082,0.0,0.04034,0.02937,False
810,VAMP2,1,0.0,0.05082,0.0,0.04034,0.02937,False
811,S100A13,1,0.0,0.05082,0.0,0.04034,0.02937,False
812,SNAP25,1,0.0,0.05082,0.0,0.04034,0.02937,False
813,PACSIN2,1,0.0,0.05487,0.0,0.03687,0.02936,False
814,B4GALT2,1,0.0,0.05764,0.0,0.03431,0.0293,False
815,ERLEC1,1,0.0,0.05159,0.0,0.03946,0.02929,False
816,FBP1,1,0.0,0.05758,0.0,0.03428,0.02927,False
817,PLD1,1,0.0,0.05752,0.0,0.03426,0.02925,False
818,CRY1,1,0.0,0.0575,0.0,0.03425,0.02924,False
819,ACTG2,1,0.0,0.05629,0.0,0.03528,0.02924,False
820,ARNTL,1,0.0,0.0575,0.0,0.03425,0.02924,False
821,SARNP,1,0.0,0.03722,0.0,0.0516,0.02923,False
822,GABRG1,1,0.0,0.05746,0.0,0.03424,0.02922,False
823,CLOCK,1,0.0,0.05742,0.0,0.03422,0.0292,False
824,CRY2,1,0.0,0.05742,0.0,0.03422,0.0292,False
825,ARNTL2,1,0.0,0.05733,0.0,0.03419,0.02916,False
826,GABRD,1,0.0,0.05727,0.0,0.03416,0.02914,False
827,ISCU,1,0.0,0.05529,0.0,0.03585,0.02913,False
828,EARS2,1,0.0,0.05716,0.0,0.03412,0.02909,False
829,YARS1,1,0.0,0.05716,0.0,0.03412,0.02909,False
830,GRXCR2,1,0.0,0.05581,0.0,0.03527,0.02909,False
831,B4GALT4,1,0.0,0.05708,0.0,0.03409,0.02906,False
832,RAPGEF2,1,0.0,0.04317,0.0,0.046,0.02905,False
833,GABRA1,1,0.0,0.05698,0.0,0.03405,0.02901,False
834,RAD21,1,0.0,0.05693,0.0,0.03403,0.02899,False
835,SMC1A,1,0.0,0.05693,0.0,0.03403,0.02899,False
836,PDS5A,1,0.0,0.05693,0.0,0.03403,0.02899,False
837,SMC3,1,0.0,0.05693,0.0,0.03403,0.02899,False
838,WAPL,1,0.0,0.05693,0.0,0.03403,0.02899,False
839,LARS2,1,0.0,0.05687,0.0,0.03401,0.02897,False
840,SMC1B,1,0.0,0.05685,0.0,0.034,0.02895,False
841,NIPBL,1,0.0,0.05676,0.0,0.03397,0.02892,False
842,STON2,1,0.0,0.04983,0.0,0.03986,0.0289,False
843,GABRE,1,0.0,0.05669,0.0,0.03394,0.02889,False
844,GABRA5,1,0.0,0.05669,0.0,0.03394,0.02889,False
845,STAG2,1,0.0,0.05667,0.0,0.03393,0.02888,False
846,CSNK1E,1,0.0,0.05662,0.0,0.03391,0.02885,False
847,GABRA6,1,0.0,0.05659,0.0,0.0339,0.02884,False
848,GABRA4,1,0.0,0.05659,0.0,0.0339,0.02884,False
849,GABRB2,1,0.0,0.05659,0.0,0.0339,0.02884,False
850,PER2,1,0.0,0.05653,0.0,0.03388,0.02881,False
851,REC8,1,0.0,0.05649,0.0,0.03386,0.0288,False
852,GABRB1,1,0.0,0.0565,0.0,0.03387,0.0288,False
853,CEPT1,1,0.0,0.05646,0.0,0.03385,0.02879,False
854,CHPT1,1,0.0,0.05646,0.0,0.03385,0.02879,False
855,SST,1,0.0,0.05639,0.0,0.03382,0.02875,False
856,IARS2,1,0.0,0.0563,0.0,0.03379,0.02872,False
857,NR1D1,1,0.0,0.05626,0.0,0.03377,0.0287,False
858,PLD3,1,0.0,0.05627,0.0,0.03378,0.0287,False
859,MBOAT2,1,0.0,0.05627,0.0,0.03378,0.0287,False
860,YAP1,1,0.0,0.04224,0.0,0.0458,0.0287,False
861,TINF2,1,0.0,0.05427,0.0,0.03544,0.02869,False
862,GABRA3,1,0.0,0.05621,0.0,0.03375,0.02868,False
863,LPCAT3,1,0.0,0.05617,0.0,0.03374,0.02866,False
864,FUT1,1,0.0,0.05616,0.0,0.03373,0.02865,False
865,PDS5B,1,0.0,0.05614,0.0,0.03373,0.02865,False
866,TERF1,1,0.0,0.05418,0.0,0.0354,0.02865,False
867,B4GALT3,1,0.0,0.05616,0.0,0.03373,0.02865,False
868,NEDD4,1,0.0,0.04964,0.0,0.0393,0.02865,False
869,SIRPA,1,0.0,0.03042,0.0,0.05577,0.02864,False
870,COL4A4,1,0.0,0.05213,0.0,0.0371,0.02863,False
871,GC,1,0.0,0.05487,0.0,0.03471,0.02861,False
872,VARS1,1,0.0,0.05601,0.0,0.03368,0.02859,False
873,TAC1,1,0.0,0.05602,0.0,0.03368,0.02859,False
874,MBOAT1,1,0.0,0.05598,0.0,0.03367,0.02858,False
875,NFS1,1,0.0,0.05405,0.0,0.03534,0.02858,False
876,SELENOI,1,0.0,0.05598,0.0,0.03367,0.02858,False
877,USP33,1,0.0,0.05006,0.0,0.03873,0.02857,False
878,ST3GAL6,1,0.0,0.05597,0.0,0.03366,0.02857,False
879,FGF1,1,0.0,0.04909,0.0,0.0395,0.02855,False
880,RAB3A,1,0.0,0.04909,0.0,0.0395,0.02855,False
881,RORA,1,0.0,0.0559,0.0,0.03364,0.02854,False
882,MYL9,1,0.0,0.0547,0.0,0.03464,0.02853,False
883,PLAAT3,1,0.0,0.05588,0.0,0.03363,0.02853,False
884,FUT5,1,0.0,0.05588,0.0,0.03363,0.02853,False
885,LPAR2,1,0.0,0.04213,0.0,0.04536,0.02851,False
886,RPS7,1,0.0,0.05179,0.0,0.03705,0.0285,False
887,HTT,1,0.0,0.05294,0.0,0.03604,0.0285,False
888,RPS4X,1,0.0,0.05179,0.0,0.03705,0.0285,False
889,RPL4,1,0.0,0.05179,0.0,0.03705,0.0285,False
890,RPL24,1,0.0,0.05179,0.0,0.03705,0.0285,False
891,RPS28,1,0.0,0.05179,0.0,0.03705,0.0285,False
892,RPS5,1,0.0,0.05179,0.0,0.03705,0.0285,False
893,RPL30,1,0.0,0.05179,0.0,0.03705,0.0285,False
894,RPS17,1,0.0,0.05179,0.0,0.03705,0.0285,False
895,RPS2,1,0.0,0.05179,0.0,0.03705,0.0285,False
896,NEUROD1,1,0.0,0.04523,0.0,0.04262,0.02849,False
897,WTAP,1,0.0,0.05576,0.0,0.03358,0.02848,False
898,GALP,1,0.0,0.05574,0.0,0.03357,0.02847,False
899,NEUROG3,1,0.0,0.04512,0.0,0.04257,0.02844,False
900,IGF2BP2,1,0.0,0.05566,0.0,0.03354,0.02844,False
901,VAMP3,1,0.0,0.04884,0.0,0.03938,0.02843,False
902,SUZ12,1,0.0,0.0533,0.0,0.03552,0.02842,False
903,AFF4,1,0.0,0.05559,0.0,0.03352,0.02841,False
904,SLX4,1,0.0,0.05364,0.0,0.03518,0.02841,False
905,TARS2,1,0.0,0.05554,0.0,0.0335,0.02838,False
906,AARS1,1,0.0,0.05554,0.0,0.0335,0.02838,False
907,ELL,1,0.0,0.05549,0.0,0.03348,0.02836,False
908,RAPGEF6,1,0.0,0.04181,0.0,0.04516,0.02835,False
909,FUT9,1,0.0,0.05541,0.0,0.03345,0.02833,False
910,MEAF6,1,0.0,0.05294,0.0,0.03537,0.02826,False
911,PKLR,1,0.0,0.05201,0.0,0.0361,0.02824,False
912,LYRM4,1,0.0,0.05325,0.0,0.035,0.02823,False
913,INHA,1,0.0,0.04472,0.0,0.04234,0.02823,False
914,SHANK3,1,0.0,0.05275,0.0,0.03544,0.02823,False
915,BHLHE40,1,0.0,0.0551,0.0,0.03333,0.0282,False
916,TPRN,1,0.0,0.05377,0.0,0.03445,0.02819,False
917,SHANK1,1,0.0,0.05267,0.0,0.0354,0.02819,False
918,RARS2,1,0.0,0.05506,0.0,0.03331,0.02818,False
919,COL18A1,1,0.0,0.05113,0.0,0.03666,0.02817,False
920,ACTC1,1,0.0,0.05381,0.0,0.03428,0.02814,False
921,MYH10,1,0.0,0.05372,0.0,0.03424,0.0281,False
922,FUT2,1,0.0,0.05486,0.0,0.03323,0.02809,False
923,TMEM18,1,0.0,0.05481,0.0,0.03321,0.02807,False
924,DHX9,1,0.0,0.04431,0.0,0.04211,0.02803,False
925,TERF2IP,1,0.0,0.05274,0.0,0.0348,0.028,False
926,GHSR,1,0.0,0.05084,0.0,0.03638,0.02799,False
927,PGAM2,1,0.0,0.05133,0.0,0.0358,0.02793,False
928,TAGLN,1,0.0,0.05328,0.0,0.03406,0.02791,False
929,METTL3,1,0.0,0.05433,0.0,0.03303,0.02786,False
930,WWP2,1,0.0,0.04794,0.0,0.03847,0.02785,False
931,REV1,1,0.0,0.05245,0.0,0.03454,0.02782,False
932,POLD2,1,0.0,0.05245,0.0,0.03454,0.02782,False
933,MAD2L2,1,0.0,0.05245,0.0,0.03454,0.02782,False
934,GPI,1,0.0,0.05108,0.0,0.03569,0.02781,False
935,HOMER1,1,0.0,0.05183,0.0,0.03505,0.02781,False
936,PGAM1,1,0.0,0.05108,0.0,0.03569,0.02781,False
937,YTHDF1,1,0.0,0.05414,0.0,0.03296,0.02778,False
938,OGT,1,0.0,0.04658,0.0,0.03937,0.02775,False
939,POLD3,1,0.0,0.05228,0.0,0.03447,0.02775,False
940,DCP2,1,0.0,0.04913,0.0,0.03715,0.02774,False
941,MBTD1,1,0.0,0.05167,0.0,0.03484,0.0277,False
942,DNAJC5,1,0.0,0.04728,0.0,0.03861,0.0277,False
943,NTS,1,0.0,0.05022,0.0,0.03611,0.0277,False
944,DAG1,1,0.0,0.05153,0.0,0.0349,0.02768,False
945,VIP,1,0.0,0.05389,0.0,0.03286,0.02767,False
946,DMD,1,0.0,0.05145,0.0,0.03487,0.02764,False
947,SHANK2,1,0.0,0.0514,0.0,0.03487,0.02762,False
948,SGCD,1,0.0,0.05137,0.0,0.03483,0.0276,False
949,SGCA,1,0.0,0.05137,0.0,0.03483,0.0276,False
950,RDH12,1,0.0,0.05192,0.0,0.03427,0.02757,False
951,RDH10,1,0.0,0.05192,0.0,0.03427,0.02757,False
952,ROBO4,1,0.0,0.04557,0.0,0.03959,0.02753,False
953,CYP26A1,1,0.0,0.05184,0.0,0.03423,0.02753,False
954,YTHDF2,1,0.0,0.05357,0.0,0.03274,0.02753,False
955,MYL6,1,0.0,0.05239,0.0,0.03371,0.02751,False
956,PFKFB1,1,0.0,0.05353,0.0,0.03272,0.02751,False
957,BSG,1,0.0,0.04939,0.0,0.03624,0.0275,False
958,SMARCB1,1,0.0,0.04061,0.0,0.04369,0.02747,False
959,POLE,1,0.0,0.05161,0.0,0.03419,0.02745,False
960,PABPC1,1,0.0,0.05001,0.0,0.03554,0.02744,False
961,COBL,1,0.0,0.05055,0.0,0.03502,0.02742,False
962,CYP26B1,1,0.0,0.0515,0.0,0.03409,0.02738,False
963,FGFRL1,1,0.0,0.03767,0.0,0.04592,0.02737,False
964,FZD4,1,0.0,0.03989,0.0,0.04398,0.02736,False
965,DNM1,1,0.0,0.05036,0.0,0.03494,0.02734,False
966,DHRS4,1,0.0,0.05141,0.0,0.03406,0.02734,False
967,DTNA,1,0.0,0.05079,0.0,0.03459,0.02734,False
968,POLH,1,0.0,0.05136,0.0,0.03409,0.02734,False
969,RBFOX1,1,0.0,0.04977,0.0,0.03543,0.02733,False
970,DOCK1,1,0.0,0.05273,0.0,0.03287,0.02732,False
971,BPGM,1,0.0,0.04997,0.0,0.03522,0.02732,False
972,DOCK2,1,0.0,0.05273,0.0,0.03287,0.02732,False
973,POLA2,1,0.0,0.05127,0.0,0.03406,0.0273,False
974,REN,1,0.0,0.05305,0.0,0.03254,0.0273,False
975,SGCG,1,0.0,0.0507,0.0,0.03455,0.0273,False
976,CRK,1,0.0,0.05265,0.0,0.03284,0.02729,False
977,ZFP36L2,1,0.0,0.04809,0.0,0.03667,0.02726,False
978,POLD1,1,0.0,0.05119,0.0,0.03402,0.02726,False
979,ATXN3,1,0.0,0.04961,0.0,0.03536,0.02726,False
980,DDX6,1,0.0,0.04961,0.0,0.03536,0.02726,False
981,RHOG,1,0.0,0.05257,0.0,0.0328,0.02725,False
982,PGAM4,1,0.0,0.0498,0.0,0.03514,0.02724,False
983,TARDBP,1,0.0,0.04953,0.0,0.03532,0.02722,False
984,PSEN1,1,0.0,0.05284,0.0,0.03246,0.02721,False
985,ADH1A,1,0.0,0.05107,0.0,0.03391,0.02719,False
986,CLIC5,1,0.0,0.05143,0.0,0.0335,0.02716,False
987,PCK1,1,0.0,0.04963,0.0,0.03507,0.02716,False
988,PCK2,1,0.0,0.04955,0.0,0.03503,0.02713,False
989,PRIM2,1,0.0,0.05085,0.0,0.03388,0.02712,False
990,MYL6B,1,0.0,0.0515,0.0,0.03335,0.02712,False
991,SGCE,1,0.0,0.05029,0.0,0.03438,0.02712,False
992,GRXCR1,1,0.0,0.05114,0.0,0.03338,0.02703,False
993,PDYN,1,0.0,0.05242,0.0,0.03229,0.02703,False
994,ESPN,1,0.0,0.04196,0.0,0.04125,0.02702,False
995,SYNJ1,1,0.0,0.04963,0.0,0.03463,0.02701,False
996,DOCK5,1,0.0,0.05198,0.0,0.03257,0.02699,False
997,MPI,1,0.0,0.05233,0.0,0.03226,0.02699,False
998,LSM12,1,0.0,0.04895,0.0,0.03507,0.02696,False
999,CYP26C1,1,0.0,0.05055,0.0,0.0337,0.02696,False
1000,HK2,1,0.0,0.05224,0.0,0.03223,0.02695,False
1001,SPRY4,1,0.0,0.0368,0.0,0.04534,0.02691,False
1002,DHRS3,1,0.0,0.05038,0.0,0.03363,0.02688,False
1003,RDH11,1,0.0,0.05038,0.0,0.03363,0.02688,False
1004,SLC1A1,1,0.0,0.04197,0.0,0.04081,0.02687,False
1005,CDC42,1,0.0,0.03045,0.0,0.05068,0.02687,False
1006,CCK,1,0.0,0.04837,0.0,0.03529,0.02686,False
1007,WDR35,1,0.0,0.05164,0.0,0.03244,0.02685,False
1008,POT1,1,0.0,0.05004,0.0,0.03369,0.0268,False
1009,GUCY1B1,1,0.0,0.0329,0.0,0.04831,0.02678,False
1010,NCBP3,1,0.0,0.03286,0.0,0.04832,0.02677,False
1011,NDUFS8,1,0.0,0.04996,0.0,0.03365,0.02676,False
1012,RAD51D-2,1,0.0,0.04779,0.0,0.03541,0.02673,False
1013,RAD51D,1,0.0,0.04779,0.0,0.03541,0.02673,False
1014,XRCC2,1,0.0,0.04779,0.0,0.03541,0.02673,False
1015,RAD51C,1,0.0,0.04779,0.0,0.03541,0.02673,False
1016,STX6,1,0.0,0.05159,0.0,0.03198,0.02667,False
1017,ELMO3,1,0.0,0.05122,0.0,0.03228,0.02666,False
1018,GHRL,1,0.0,0.04792,0.0,0.03509,0.02666,False
1019,CBL,1,0.0,0.02677,0.0,0.05318,0.02665,False
1020,ELMO2,1,0.0,0.05114,0.0,0.03225,0.02663,False
1021,WDR82,1,0.0,0.04923,0.0,0.03381,0.0266,False
1022,DLG1,1,0.0,0.04896,0.0,0.03384,0.02653,False
1023,UTRN,1,0.0,0.04896,0.0,0.03382,0.02653,False
1024,VGLL4,1,0.0,0.03804,0.0,0.04318,0.02653,False
1025,SCIN,1,0.0,0.0435,0.0,0.03848,0.02652,False
1026,GLYCTK,1,0.0,0.04811,0.0,0.03441,0.02648,False
1027,MYO7A,1,0.0,0.04988,0.0,0.03287,0.02647,False
1028,POMC,1,0.0,0.05103,0.0,0.03176,0.02642,False
1029,ATXN1,1,0.0,0.04765,0.0,0.0345,0.02637,False
1030,XIRP2,1,0.0,0.04959,0.0,0.03275,0.02634,False
1031,SNAP29,1,0.0,0.05078,0.0,0.03166,0.02631,False
1032,SPDEF,1,0.0,0.08765,0.0,0.0,0.0263,False
1033,MUS81,1,0.0,0.04878,0.0,0.03317,0.02624,False
1034,XRCC3,1,0.0,0.04668,0.0,0.03491,0.02622,False
1035,HOMER3,1,0.0,0.0482,0.0,0.03352,0.02619,False
1036,BOLA3,1,0.0,0.04854,0.0,0.03306,0.02613,False
1037,MRPL32,1,0.0,0.04596,0.0,0.03522,0.02612,False
1038,RAD1,1,0.0,0.04644,0.0,0.03481,0.02612,False
1039,MRPS6,1,0.0,0.04596,0.0,0.03522,0.02612,False
1040,MT-ND3,1,0.0,0.04845,0.0,0.03302,0.02609,False
1041,MRPL20,1,0.0,0.04588,0.0,0.03518,0.02608,False
1042,MEFV,1,0.0,0.0397,0.0,0.04048,0.02608,False
1043,ATXN3L,1,0.0,0.047,0.0,0.03422,0.02608,False
1044,NCSTN,1,0.0,0.05018,0.0,0.03143,0.02605,False
1045,AGT,1,0.0,0.05018,0.0,0.03143,0.02605,False
1046,PTPN12,1,0.0,0.03963,0.0,0.04044,0.02604,False
1047,RDX,1,0.0,0.0489,0.0,0.03248,0.02604,False
1048,RPL5,1,0.0,0.04579,0.0,0.03514,0.02604,False
1049,NCF4,1,0.0,0.04689,0.0,0.03417,0.02603,False
1050,NOXO1,1,0.0,0.04689,0.0,0.03417,0.02603,False
1051,CYBA,1,0.0,0.04689,0.0,0.03417,0.02603,False
1052,ROBO3,1,0.0,0.04245,0.0,0.03799,0.02603,False
1053,CYBB,1,0.0,0.04689,0.0,0.03417,0.02603,False
1054,NOX1,1,0.0,0.04689,0.0,0.03417,0.02603,False
1055,RAC1,1,0.0,0.04689,0.0,0.03417,0.02603,False
1056,ELL2,1,0.0,0.05007,0.0,0.03139,0.02601,False
1057,GOSR2,1,0.0,0.05005,0.0,0.03138,0.026,False
1058,FSCN2,1,0.0,0.04881,0.0,0.03244,0.026,False
1059,GRM1,1,0.0,0.04778,0.0,0.03334,0.026,False
1060,NOX4,1,0.0,0.04681,0.0,0.03414,0.02599,False
1061,YWHAB,1,0.0,0.04532,0.0,0.03539,0.02598,False
1062,WAS,1,0.0,0.03949,0.0,0.04036,0.02597,False
1063,RPL11,1,0.0,0.04562,0.0,0.03506,0.02596,False
1064,DRD4,1,0.0,0.04341,0.0,0.03694,0.02595,False
1065,NOXA1,1,0.0,0.04657,0.0,0.03403,0.02588,False
1066,RPS3,1,0.0,0.04545,0.0,0.03499,0.02588,False
1067,MRPS9,1,0.0,0.04536,0.0,0.03495,0.02584,False
1068,ATXN2L,1,0.0,0.04635,0.0,0.03393,0.02578,False
1069,TREM2,1,0.0,0.02574,0.0,0.05154,0.02576,False
1070,NDUFS3,1,0.0,0.04765,0.0,0.03269,0.02574,False
1071,RPS11,1,0.0,0.0451,0.0,0.03483,0.02572,False
1072,NR0B2,1,0.0,0.04209,0.0,0.03734,0.02569,False
1073,GUCY1A1,1,0.0,0.03097,0.0,0.04686,0.02569,False
1074,MT-ND4,1,0.0,0.04739,0.0,0.03258,0.02562,False
1075,COBLL1,1,0.0,0.0465,0.0,0.03329,0.0256,False
1076,HTR1A,1,0.0,0.04264,0.0,0.03656,0.02559,False
1077,NLGN1,1,0.0,0.04685,0.0,0.03295,0.02559,False
1078,UMPS,1,0.0,0.04246,0.0,0.03661,0.02555,False
1079,SYMPK,1,0.0,0.04678,0.0,0.03279,0.02551,False
1080,CCNT1,1,0.0,0.04893,0.0,0.03095,0.02551,False
1081,PPY,1,0.0,0.04536,0.0,0.03396,0.0255,False
1082,SGCB,1,0.0,0.04656,0.0,0.03281,0.02545,False
1083,AFF1,1,0.0,0.04872,0.0,0.03087,0.02542,False
1084,MAML1,1,0.0,0.04383,0.0,0.03499,0.0254,False
1085,MAML3,1,0.0,0.04383,0.0,0.03499,0.0254,False
1086,MAML2,1,0.0,0.04383,0.0,0.03499,0.0254,False
1087,DEFA4,1,0.0,0.04276,0.0,0.0359,0.02539,False
1088,AZU1,1,0.0,0.04276,0.0,0.0359,0.02539,False
1089,CTSG,1,0.0,0.04276,0.0,0.0359,0.02539,False
1090,SERPINA1,1,0.0,0.04276,0.0,0.0359,0.02539,False
1091,MPO,1,0.0,0.04276,0.0,0.0359,0.02539,False
1092,AXIN2,1,0.0,0.03286,0.0,0.04436,0.02538,False
1093,NOTCH2,1,0.0,0.04376,0.0,0.03495,0.02536,False
1094,BRCA2,1,0.0,0.04478,0.0,0.03406,0.02536,False
1095,SLPI,1,0.0,0.04269,0.0,0.03586,0.02536,False
1096,NOTCH3,1,0.0,0.04376,0.0,0.03495,0.02536,False
1097,HTR2A,1,0.0,0.04211,0.0,0.03629,0.02534,False
1098,LTF,1,0.0,0.04261,0.0,0.03583,0.02532,False
1099,POLDIP3,1,0.0,0.03026,0.0,0.04636,0.02531,False
1100,CBS,1,0.0,0.04406,0.0,0.03442,0.02527,False
1101,CBSL,1,0.0,0.04406,0.0,0.03442,0.02527,False
1102,PRKG2,1,0.0,0.03006,0.0,0.04618,0.02518,False
1103,KAT2B,1,0.0,0.0433,0.0,0.03474,0.02515,False
1104,PRKG1,1,0.0,0.03,0.0,0.04613,0.02515,False
1105,GRM5,1,0.0,0.04584,0.0,0.03252,0.02513,False
1106,CAMP,1,0.0,0.04217,0.0,0.03561,0.02511,False
1107,TP73,1,0.0,0.03917,0.0,0.03811,0.02509,False
1108,MTHFR,1,0.0,0.04368,0.0,0.03425,0.02509,False
1109,AXIN1,1,0.0,0.03227,0.0,0.04396,0.02507,False
1110,CIR1,1,0.0,0.04308,0.0,0.03464,0.02505,False
1111,BMP1,1,0.0,0.04025,0.0,0.03703,0.02504,False
1112,NOTCH4,1,0.0,0.043,0.0,0.0346,0.02501,False
1113,AIFM1,1,0.0,0.04381,0.0,0.03374,0.02495,False
1114,BHMT,1,0.0,0.04338,0.0,0.03411,0.02495,False
1115,NRG1,1,0.0,0.03724,0.0,0.03932,0.02494,False
1116,ERBB4,1,0.0,0.03724,0.0,0.03932,0.02494,False
1117,ERBB2,1,0.0,0.03724,0.0,0.03932,0.02494,False
1118,EGF,1,0.0,0.03724,0.0,0.03932,0.02494,False
1119,SHC1,1,0.0,0.03724,0.0,0.03932,0.02494,False
1120,NRG2,1,0.0,0.03724,0.0,0.03932,0.02494,False
1121,TGFA,1,0.0,0.03717,0.0,0.03929,0.0249,False
1122,CDK4,1,0.0,0.03855,0.0,0.03786,0.02482,False
1123,CDK6,1,0.0,0.03855,0.0,0.03786,0.02482,False
1124,MYO1C,1,0.0,0.03992,0.0,0.03664,0.0248,False
1125,BRD8,1,0.0,0.04515,0.0,0.0321,0.02478,False
1126,NUCB2,1,0.0,0.02248,0.0,0.0515,0.02477,False
1127,TNFRSF6B,1,0.0,0.03186,0.0,0.04342,0.02476,False
1128,TNFRSF25,1,0.0,0.03186,0.0,0.04342,0.02476,False
1129,CTBP2,1,0.0,0.03168,0.0,0.04355,0.02475,False
1130,GSN,1,0.0,0.03974,0.0,0.03655,0.02471,False
1131,AHCY,1,0.0,0.04285,0.0,0.03387,0.02471,False
1132,COMT,1,0.0,0.04073,0.0,0.03561,0.02469,False
1133,H2AX,1,0.0,0.04324,0.0,0.03348,0.02469,False
1134,SWI5,1,0.0,0.04327,0.0,0.03339,0.02467,False
1135,MAOA,1,0.0,0.04066,0.0,0.03558,0.02465,False
1136,GRP,1,0.0,0.04351,0.0,0.03314,0.02465,False
1137,FLNA,1,0.0,0.03717,0.0,0.03855,0.02464,False
1138,PBRM1,1,0.0,0.03507,0.0,0.04032,0.02464,False
1139,THOC6,1,0.0,0.0345,0.0,0.04077,0.02462,False
1140,THOC7,1,0.0,0.0345,0.0,0.04077,0.02462,False
1141,THOC3,1,0.0,0.0345,0.0,0.04077,0.02462,False
1142,ALYREF,1,0.0,0.0345,0.0,0.04077,0.02462,False
1143,FANCD2,1,0.0,0.04509,0.0,0.03164,0.0246,False
1144,NR0B1,1,0.0,0.03973,0.0,0.03614,0.02457,False
1145,BHMT2,1,0.0,0.04255,0.0,0.03373,0.02457,False
1146,BPI,1,0.0,0.04098,0.0,0.03504,0.02456,False
1147,PPID,1,0.0,0.04292,0.0,0.03334,0.02454,False
1148,XRN1,1,0.0,0.0422,0.0,0.03395,0.02454,False
1149,GPC4,1,0.0,0.0431,0.0,0.03309,0.02451,False
1150,ALCAM,1,0.0,0.03588,0.0,0.03918,0.02448,False
1151,PSEN2,1,0.0,0.04656,0.0,0.03004,0.02448,False
1152,APC,1,0.0,0.0311,0.0,0.04314,0.02443,False
1153,KCNK1,1,0.0,0.03738,0.0,0.03769,0.02441,False
1154,CDO1,1,0.0,0.04217,0.0,0.03356,0.0244,False
1155,GLI2,1,0.0,0.03404,0.0,0.04049,0.02438,False
1156,APC2,1,0.0,0.03097,0.0,0.04305,0.02436,False
1157,NANOG,1,0.0,0.03947,0.0,0.03577,0.02436,False
1158,SCT,1,0.0,0.0428,0.0,0.03283,0.02433,False
1159,NTRK3,1,0.0,0.03063,0.0,0.04318,0.0243,False
1160,EPC2,1,0.0,0.04406,0.0,0.03165,0.0243,False
1161,ETHE1,1,0.0,0.04057,0.0,0.03465,0.0243,False
1162,GPR39,1,0.0,0.04271,0.0,0.03279,0.02429,False
1163,HTR1B,1,0.0,0.03989,0.0,0.0352,0.02429,False
1164,RAP1B,1,0.0,0.03761,0.0,0.0371,0.02427,False
1165,ADA,1,0.0,0.03735,0.0,0.03724,0.02424,False
1166,ACE2,1,0.0,0.03735,0.0,0.03724,0.02424,False
1167,DNMT1,1,0.0,0.03907,0.0,0.03557,0.02417,False
1168,KCNK10,1,0.0,0.03689,0.0,0.03742,0.02416,False
1169,PAPSS2,1,0.0,0.04013,0.0,0.03444,0.02409,False
1170,PAICS,1,0.0,0.03941,0.0,0.03498,0.02407,False
1171,RAP1A,1,0.0,0.03718,0.0,0.03687,0.02406,False
1172,MOCS1,1,0.0,0.04005,0.0,0.0344,0.02406,False
1173,RFX5,1,0.0,0.03845,0.0,0.03575,0.02405,False
1174,YEATS4,1,0.0,0.04352,0.0,0.03142,0.02405,False
1175,SOBP,1,0.0,0.04301,0.0,0.0318,0.02403,False
1176,RNF41,1,0.0,0.03324,0.0,0.04012,0.02402,False
1177,RFXANK,1,0.0,0.03838,0.0,0.03571,0.02401,False
1178,ALOX5AP,1,0.0,0.03529,0.0,0.03832,0.024,False
1179,PAPSS1,1,0.0,0.03991,0.0,0.03433,0.02399,False
1180,CAV1,1,0.0,0.0368,0.0,0.03694,0.02397,False
1181,CCND1,1,0.0,0.0368,0.0,0.03692,0.02396,False
1182,RFXAP,1,0.0,0.03824,0.0,0.03564,0.02395,False
1183,BDNF,1,0.0,0.03913,0.0,0.03482,0.02393,False
1184,NTRK1,1,0.0,0.02989,0.0,0.04267,0.0239,False
1185,SH2B1,1,0.0,0.02989,0.0,0.04267,0.0239,False
1186,COL8A1,1,0.0,0.04173,0.0,0.03248,0.02389,False
1187,TENM2,1,0.0,0.03459,0.0,0.03851,0.02385,False
1188,GCG,1,0.0,0.03653,0.0,0.03679,0.02384,False
1189,CYP7A1,1,0.0,0.03819,0.0,0.03536,0.02383,False
1190,STAM2,1,0.0,0.03286,0.0,0.03988,0.02381,False
1191,TRIM5,1,0.0,0.0413,0.0,0.03261,0.02381,False
1192,LTA4H,1,0.0,0.03489,0.0,0.03809,0.0238,False
1193,PINK1,1,0.0,0.03541,0.0,0.03758,0.02378,False
1194,MOCS2,1,0.0,0.0394,0.0,0.03409,0.02375,False
1195,SOD1,1,0.0,0.03527,0.0,0.0375,0.02371,False
1196,COTL1,1,0.0,0.03469,0.0,0.03798,0.0237,False
1197,TENM4,1,0.0,0.03426,0.0,0.03831,0.02369,False
1198,PFAS,1,0.0,0.03856,0.0,0.03456,0.02366,False
1199,SNCA,1,0.0,0.03507,0.0,0.03739,0.02361,False
1200,LTC4S,1,0.0,0.03449,0.0,0.03786,0.0236,False
1201,GIP,1,0.0,0.03605,0.0,0.03653,0.0236,False
1202,CCBE1,1,0.0,0.03907,0.0,0.03387,0.02357,False
1203,CRP,1,0.0,0.03384,0.0,0.03827,0.02355,False
1204,CCND2,1,0.0,0.03596,0.0,0.03646,0.02355,False
1205,NECTIN2,1,0.0,0.03342,0.0,0.03856,0.02352,False
1206,PVR,1,0.0,0.03342,0.0,0.03856,0.02352,False
1207,FYTTD1,1,0.0,0.02709,0.0,0.04398,0.02352,False
1208,MAP3K5,1,0.0,0.03487,0.0,0.03728,0.02351,False
1209,NTRK2,1,0.0,0.02916,0.0,0.04215,0.0235,False
1210,MAP2K3,1,0.0,0.03315,0.0,0.03869,0.02349,False
1211,GMPS,1,0.0,0.0381,0.0,0.03445,0.02349,False
1212,ATF2,1,0.0,0.03309,0.0,0.03866,0.02346,False
1213,DUSP1,1,0.0,0.03309,0.0,0.03866,0.02346,False
1214,TENM1,1,0.0,0.0338,0.0,0.03804,0.02345,False
1215,NRAS,1,0.0,0.0359,0.0,0.03618,0.02344,False
1216,MAP2K6,1,0.0,0.03302,0.0,0.03862,0.02342,False
1217,LRRK2,1,0.0,0.03467,0.0,0.03717,0.02341,False
1218,AUP1,1,0.0,0.03897,0.0,0.03345,0.0234,False
1219,MAPKAPK3,1,0.0,0.03296,0.0,0.03858,0.02339,False
1220,HECW1,1,0.0,0.03845,0.0,0.03387,0.02339,False
1221,TENM3,1,0.0,0.0336,0.0,0.03793,0.02335,False
1222,SSBP3,1,0.0,0.0344,0.0,0.03718,0.02333,False
1223,CYB5R4,1,0.0,0.03773,0.0,0.03427,0.02331,False
1224,PRPS1,1,0.0,0.03771,0.0,0.03414,0.02326,False
1225,PRPS2,1,0.0,0.03771,0.0,0.03414,0.02326,False
1226,RGPD2,1,0.0,0.04009,0.0,0.03207,0.02325,False
1227,GLUL,1,0.0,0.03757,0.0,0.03407,0.0232,False
1228,ITGB1,1,0.0,0.03515,0.0,0.03605,0.02316,False
1229,PRCP,1,0.0,0.03515,0.0,0.03605,0.02316,False
1230,HLA-DMA,1,0.0,0.02753,0.0,0.04255,0.02315,False
1231,HLA-DRA,1,0.0,0.02753,0.0,0.04255,0.02315,False
1232,TYMS,1,0.0,0.03705,0.0,0.03427,0.02311,False
1233,VDAC1,1,0.0,0.0317,0.0,0.03882,0.0231,False
1234,CFL1,1,0.0,0.03977,0.0,0.03192,0.0231,False
1235,PCBD1,1,0.0,0.03445,0.0,0.03645,0.02309,False
1236,HLA-DMB,1,0.0,0.02742,0.0,0.04246,0.02309,False
1237,TIGIT,1,0.0,0.03258,0.0,0.03806,0.02309,False
1238,YWHAZ,1,0.0,0.03143,0.0,0.039,0.02308,False
1239,H3C1,1,0.0,0.02853,0.0,0.04146,0.02307,False
1240,CYB5RL,1,0.0,0.03722,0.0,0.03401,0.02307,False
1241,PCBD2,1,0.0,0.03438,0.0,0.03641,0.02306,False
1242,OTUB1,1,0.0,0.03137,0.0,0.03896,0.02305,False
1243,ANK2,1,0.0,0.03157,0.0,0.03874,0.02303,False
1244,EXOSC2,1,0.0,0.0389,0.0,0.03243,0.02302,False
1245,CCND3,1,0.0,0.03484,0.0,0.03586,0.023,False
1246,EFEMP2,1,0.0,0.03783,0.0,0.03327,0.02299,False
1247,ANGPTL4,1,0.0,0.03384,0.0,0.03669,0.02299,False
1248,RPS27A,1,0.0,0.03124,0.0,0.03888,0.02298,False
1249,FPGS,1,0.0,0.03678,0.0,0.03413,0.02298,False
1250,SHMT1,1,0.0,0.03678,0.0,0.03413,0.02298,False
1251,COL14A1,1,0.0,0.03972,0.0,0.03159,0.02297,False
1252,PRPS1L1,1,0.0,0.03707,0.0,0.03383,0.02296,False
1253,SSBP2,1,0.0,0.03364,0.0,0.03675,0.02296,False
1254,RBBP8,1,0.0,0.03364,0.0,0.03675,0.02296,False
1255,HCST,1,0.0,0.0294,0.0,0.04036,0.02295,False
1256,TRPC1,1,0.0,0.03138,0.0,0.03863,0.02293,False
1257,DDC,1,0.0,0.03411,0.0,0.03626,0.02293,False
1258,UNC5CL,1,0.0,0.03274,0.0,0.03743,0.02292,False
1259,SSBP4,1,0.0,0.03357,0.0,0.03671,0.02292,False
1260,COL6A2,1,0.0,0.03954,0.0,0.03151,0.02289,False
1261,COL4A2,1,0.0,0.03954,0.0,0.03151,0.02289,False
1262,SZRD1,1,0.0,0.03268,0.0,0.03739,0.02289,False
1263,ASXL1,1,0.0,0.02802,0.0,0.04136,0.02288,False
1264,SHMT2,1,0.0,0.03657,0.0,0.03403,0.02288,False
1265,RXRA,1,0.0,0.03327,0.0,0.0367,0.02283,False
1266,SLC11A2,1,0.0,0.03724,0.0,0.03328,0.02282,False
1267,APCS,1,0.0,0.03239,0.0,0.03743,0.02282,False
1268,MTHFD1,1,0.0,0.03643,0.0,0.03396,0.02282,False
1269,IGHV3-16,1,0.0,0.02212,0.0,0.04614,0.02279,False
1270,NFE2L2,1,0.0,0.0334,0.0,0.03645,0.02278,False
1271,PERP,1,0.0,0.03443,0.0,0.03555,0.02277,False
1272,SOX2,1,0.0,0.03443,0.0,0.03555,0.02277,False
1273,BECN1,1,0.0,0.03107,0.0,0.03843,0.02277,False
1274,MRVI1,1,0.0,0.031,0.0,0.03839,0.02274,False
1275,NFYA,1,0.0,0.03573,0.0,0.03435,0.02274,False
1276,SOS1,1,0.0,0.03449,0.0,0.03542,0.02274,False
1277,NFYC,1,0.0,0.03573,0.0,0.03435,0.02274,False
1278,CITED2,1,0.0,0.03153,0.0,0.03796,0.02274,False
1279,ENO1,1,0.0,0.03896,0.0,0.03156,0.02273,False
1280,CYB5R2,1,0.0,0.03648,0.0,0.03364,0.02272,False
1281,SOS2,1,0.0,0.03442,0.0,0.03538,0.02271,False
1282,VGLL1,1,0.0,0.03059,0.0,0.03855,0.02267,False
1283,RFX1,1,0.0,0.03559,0.0,0.03428,0.02267,False
1284,TCF7L2,1,0.0,0.03052,0.0,0.0385,0.02263,False
1285,PIP4K2A,1,0.0,0.03114,0.0,0.03794,0.02262,False
1286,IDI2,1,0.0,0.03296,0.0,0.03636,0.02261,False
1287,MS4A3,1,0.0,0.02663,0.0,0.04177,0.02261,False
1288,FABP5,1,0.0,0.03282,0.0,0.03644,0.0226,False
1289,PTS,1,0.0,0.03273,0.0,0.03651,0.0226,False
1290,LUM,1,0.0,0.03515,0.0,0.0344,0.02258,False
1291,ITGB2,1,0.0,0.03154,0.0,0.03744,0.02257,False
1292,PRKDC,1,0.0,0.0405,0.0,0.02974,0.02256,False
1293,CYP2C9,1,0.0,0.03242,0.0,0.03667,0.02256,False
1294,UBA52,1,0.0,0.03033,0.0,0.03831,0.02251,False
1295,NOS1AP,1,0.0,0.03111,0.0,0.03763,0.0225,False
1296,HLA-DPA1,1,0.0,0.02635,0.0,0.0417,0.0225,False
1297,DHFR2,1,0.0,0.03589,0.0,0.03335,0.02244,False
1298,CCRL2,1,0.0,0.02593,0.0,0.04185,0.02243,False
1299,CXCL5,1,0.0,0.02593,0.0,0.04185,0.02243,False
1300,ARG1,1,0.0,0.0314,0.0,0.0371,0.02241,False
1301,NFYB,1,0.0,0.03503,0.0,0.03399,0.02241,False
1302,MAGED1,1,0.0,0.02934,0.0,0.03885,0.0224,False
1303,PF4,1,0.0,0.02587,0.0,0.04181,0.02239,False
1304,ELL3,1,0.0,0.04164,0.0,0.02814,0.02234,False
1305,CALM1,1,0.0,0.03121,0.0,0.03699,0.02231,False
1306,ITGAL,1,0.0,0.03096,0.0,0.0371,0.02227,False
1307,RASGRP2,1,0.0,0.03342,0.0,0.03485,0.02222,False
1308,RASD1,1,0.0,0.03055,0.0,0.03729,0.02222,False
1309,HCK,1,0.0,0.03121,0.0,0.03673,0.02222,False
1310,ASS1,1,0.0,0.03095,0.0,0.03684,0.02218,False
1311,KLRC1,1,0.0,0.02795,0.0,0.0394,0.02217,False
1312,TNFRSF11A,1,0.0,0.03163,0.0,0.03614,0.02214,False
1313,TNFRSF11B,1,0.0,0.03163,0.0,0.03614,0.02214,False
1314,MAST3,1,0.0,0.02972,0.0,0.0377,0.02211,False
1315,NCOA3,1,0.0,0.03459,0.0,0.03353,0.02211,False
1316,ARG2,1,0.0,0.03076,0.0,0.03672,0.02208,False
1317,GPX3,1,0.0,0.03142,0.0,0.0361,0.02206,False
1318,CLCA1,1,0.0,0.03406,0.0,0.03383,0.02206,False
1319,ATP6V1B1,1,0.0,0.02894,0.0,0.03821,0.02205,False
1320,TCIRG1,1,0.0,0.02894,0.0,0.03821,0.02205,False
1321,GPX2,1,0.0,0.03135,0.0,0.03606,0.02202,False
1322,GOT2,1,0.0,0.03338,0.0,0.03431,0.02202,False
1323,GRIN2B,1,0.0,0.03017,0.0,0.03707,0.02202,False
1324,CRBN,1,0.0,0.02554,0.0,0.04101,0.02202,False
1325,CBLIF,1,0.0,0.03051,0.0,0.03652,0.02194,False
1326,LCP1,1,0.0,0.03168,0.0,0.03547,0.02192,False
1327,KRT76,1,0.0,0.0323,0.0,0.03491,0.02191,False
1328,TDO2,1,0.0,0.03203,0.0,0.03511,0.0219,False
1329,NCR2,1,0.0,0.02738,0.0,0.03902,0.02187,False
1330,CYP8B1,1,0.0,0.03407,0.0,0.03326,0.02186,False
1331,SRGAP1,1,0.0,0.03372,0.0,0.0335,0.02184,False
1332,NAIP,1,0.0,0.0337,0.0,0.03331,0.02177,False
1333,CSF1R,1,0.0,0.03088,0.0,0.0357,0.02176,False
1334,H3C7,1,0.0,0.02608,0.0,0.03977,0.02174,False
1335,GABPB1,1,0.0,0.03231,0.0,0.0344,0.02173,False
1336,SPN,1,0.0,0.02726,0.0,0.03872,0.02173,False
1337,MDM2,1,0.0,0.03231,0.0,0.0344,0.02173,False
1338,CSNK1D,1,0.0,0.03231,0.0,0.0344,0.02173,False
1339,H3C3,1,0.0,0.02602,0.0,0.03973,0.02171,False
1340,H3-3A,1,0.0,0.02602,0.0,0.03973,0.02171,False
1341,DHX58,1,0.0,0.02972,0.0,0.03639,0.02165,False
1342,WWP1,1,0.0,0.03472,0.0,0.03206,0.02164,False
1343,TRAT1,1,0.0,0.01861,0.0,0.04571,0.02158,False
1344,FYN,1,0.0,0.02697,0.0,0.03852,0.02157,False
1345,PTPRCAP,1,0.0,0.02697,0.0,0.03852,0.02157,False
1346,FBXW7,1,0.0,0.03021,0.0,0.03572,0.02156,False
1347,BIN1,1,0.0,0.03021,0.0,0.03572,0.02156,False
1348,ZBTB17,1,0.0,0.03021,0.0,0.03572,0.02156,False
1349,MAX,1,0.0,0.03021,0.0,0.03572,0.02156,False
1350,GOT1,1,0.0,0.0324,0.0,0.03379,0.02155,False
1351,COPS7B,1,0.0,0.031,0.0,0.03486,0.0215,False
1352,COPS3,1,0.0,0.031,0.0,0.03486,0.0215,False
1353,COPS9,1,0.0,0.031,0.0,0.03486,0.0215,False
1354,COPS2,1,0.0,0.031,0.0,0.03486,0.0215,False
1355,COPS7A,1,0.0,0.031,0.0,0.03486,0.0215,False
1356,COPS6,1,0.0,0.031,0.0,0.03486,0.0215,False
1357,NLRC5,1,0.0,0.02941,0.0,0.0362,0.02149,False
1358,ISG15,1,0.0,0.02941,0.0,0.0362,0.02149,False
1359,CNOT1,1,0.0,0.03552,0.0,0.03087,0.02146,False
1360,LOC102723407,1,0.0,0.0297,0.0,0.03584,0.02145,False
1361,COL5A2,1,0.0,0.03452,0.0,0.03168,0.02144,False
1362,TRIP10,1,0.0,0.03722,0.0,0.02932,0.02143,False
1363,TDG,1,0.0,0.03331,0.0,0.03266,0.02143,False
1364,LGALS3,1,0.0,0.02667,0.0,0.03833,0.02142,False
1365,ATP6V0A4,1,0.0,0.0277,0.0,0.03743,0.02141,False
1366,IL20RB,1,0.0,0.02763,0.0,0.03739,0.02138,False
1367,IL20RA,1,0.0,0.02763,0.0,0.03739,0.02138,False
1368,TAT,1,0.0,0.03205,0.0,0.03361,0.02138,False
1369,IGKV2D-29,1,0.0,0.02434,0.0,0.04012,0.02134,False
1370,HPD,1,0.0,0.03198,0.0,0.03357,0.02134,False
1371,RXRB,1,0.0,0.03022,0.0,0.03497,0.02131,False
1372,DDX60,1,0.0,0.02898,0.0,0.03595,0.02128,False
1373,PTPN18,1,0.0,0.0301,0.0,0.03501,0.02128,False
1374,GOT1L1,1,0.0,0.03184,0.0,0.0335,0.02128,False
1375,FCGR1A,1,0.0,0.0293,0.0,0.03561,0.02126,False
1376,TAPBP,1,0.0,0.01682,0.0,0.0461,0.02118,False
1377,RNF125,1,0.0,0.0288,0.0,0.03584,0.02118,False
1378,DERL2,1,0.0,0.03419,0.0,0.03118,0.02117,False
1379,DNMT3A,1,0.0,0.03275,0.0,0.03238,0.02116,False
1380,HDC,1,0.0,0.02137,0.0,0.04212,0.02115,False
1381,GNAL,1,0.0,0.02137,0.0,0.04212,0.02115,False
1382,FBLN5,1,0.0,0.03386,0.0,0.03136,0.02114,False
1383,IFIT1,1,0.0,0.02868,0.0,0.03577,0.02112,False
1384,CSK,1,0.0,0.02091,0.0,0.04242,0.02112,False
1385,IL4I1,1,0.0,0.0315,0.0,0.03331,0.02111,False
1386,CDKN1A,1,0.0,0.03092,0.0,0.03373,0.02108,False
1387,CHD4,1,0.0,0.02384,0.0,0.03978,0.02107,False
1388,FLNC,1,0.0,0.02998,0.0,0.03451,0.02107,False
1389,FCGR3A,1,0.0,0.02891,0.0,0.03538,0.02106,False
1390,ATP6V0A2,1,0.0,0.03361,0.0,0.03124,0.02102,False
1391,FKBP5,1,0.0,0.02825,0.0,0.03576,0.02099,False
1392,HSP90AB1,1,0.0,0.02819,0.0,0.03572,0.02096,False
1393,MAFG,1,0.0,0.02425,0.0,0.03909,0.02096,False
1394,DEFB4A,1,0.0,0.02542,0.0,0.03802,0.02094,False
1395,MAFK,1,0.0,0.02419,0.0,0.03905,0.02093,False
1396,FKBP4,1,0.0,0.02807,0.0,0.03565,0.0209,False
1397,SLC47A1,1,0.0,0.01511,0.0,0.04667,0.02087,False
1398,DEFB1,1,0.0,0.02525,0.0,0.03791,0.02084,False
1399,FLNB,1,0.0,0.02952,0.0,0.03425,0.02084,False
1400,STIP1,1,0.0,0.02789,0.0,0.03555,0.02081,False
1401,DGKA,1,0.0,0.03038,0.0,0.03321,0.02074,False
1402,CXCL16,1,0.0,0.02502,0.0,0.03776,0.02072,False
1403,FCER1G,1,0.0,0.02825,0.0,0.03499,0.02072,False
1404,FAM49B,1,0.0,0.04744,0.0,0.0185,0.02071,False
1405,FADD,1,0.0,0.02419,0.0,0.03834,0.02068,False
1406,FASLG,1,0.0,0.02419,0.0,0.03834,0.02068,False
1407,CXCR5,1,0.0,0.02628,0.0,0.03651,0.02066,False
1408,PF4V1,1,0.0,0.02628,0.0,0.03651,0.02066,False
1409,PYCARD,1,0.0,0.02882,0.0,0.03428,0.02064,False
1410,DEFB103A,1,0.0,0.02485,0.0,0.03764,0.02063,False
1411,TNFSF8,1,0.0,0.02421,0.0,0.03816,0.02062,False
1412,CFLAR,1,0.0,0.02408,0.0,0.03827,0.02062,False
1413,SMURF1,1,0.0,0.03253,0.0,0.031,0.02061,False
1414,CCL28,1,0.0,0.02616,0.0,0.03643,0.0206,False
1415,CXCR3,1,0.0,0.02616,0.0,0.03643,0.0206,False
1416,CASP10,1,0.0,0.02403,0.0,0.03823,0.02059,False
1417,TNFSF10,1,0.0,0.02403,0.0,0.03823,0.02059,False
1418,CSH2,1,0.0,0.02654,0.0,0.03602,0.02057,False
1419,IL24,1,0.0,0.02598,0.0,0.03634,0.02051,False
1420,CD7,1,0.0,0.028,0.0,0.03459,0.02051,False
1421,FAF1,1,0.0,0.02386,0.0,0.03811,0.0205,False
1422,SERPINB2,1,0.0,0.03078,0.0,0.03213,0.02048,False
1423,HNF4A,1,0.0,0.02364,0.0,0.03816,0.02045,False
1424,DNMT3B,1,0.0,0.03123,0.0,0.03161,0.02043,False
1425,RB1CC1,1,0.0,0.02426,0.0,0.03742,0.02038,False
1426,WIPI2,1,0.0,0.02426,0.0,0.03742,0.02038,False
1427,RAB33B,1,0.0,0.02426,0.0,0.03742,0.02038,False
1428,KRT5,1,0.0,0.02955,0.0,0.03291,0.02038,False
1429,PTK2,1,0.0,0.02546,0.0,0.03636,0.02037,False
1430,NTN4,1,0.0,0.0254,0.0,0.03632,0.02033,False
1431,ACKR4,1,0.0,0.0253,0.0,0.03634,0.02031,False
1432,CXCL2,1,0.0,0.0253,0.0,0.03634,0.02031,False
1433,CXCL10,1,0.0,0.0253,0.0,0.03634,0.02031,False
1434,SDCBP,1,0.0,0.0276,0.0,0.03436,0.02031,False
1435,CCL13,1,0.0,0.02524,0.0,0.0363,0.02028,False
1436,TET1,1,0.0,0.03091,0.0,0.03145,0.02028,False
1437,FCRLA,1,0.0,0.01854,0.0,0.04204,0.02028,False
1438,CD247,1,0.0,0.02753,0.0,0.03432,0.02027,False
1439,ELAVL1,1,0.0,0.03293,0.0,0.02967,0.02026,False
1440,KCNIP3,1,0.0,0.02595,0.0,0.03565,0.02026,False
1441,POU2AF1,1,0.0,0.02234,0.0,0.03868,0.02024,False
1442,DYNLL1,1,0.0,0.02488,0.0,0.03648,0.02023,False
1443,TNFRSF18,1,0.0,0.02072,0.0,0.03984,0.02016,False
1444,MAFF,1,0.0,0.02277,0.0,0.03806,0.02015,False
1445,PMAIP1,1,0.0,0.02472,0.0,0.03637,0.02015,False
1446,TBXT,1,0.0,0.02391,0.0,0.03699,0.02012,False
1447,FHL2,1,0.0,0.02303,0.0,0.03774,0.02012,False
1448,TNFRSF13C,1,0.0,0.02177,0.0,0.03879,0.02011,False
1449,TNFRSF13B,1,0.0,0.02177,0.0,0.03879,0.02011,False
1450,TNFRSF17,1,0.0,0.02177,0.0,0.03879,0.02011,False
1451,KLRD1,1,0.0,0.02404,0.0,0.0368,0.02009,False
1452,DERL1,1,0.0,0.03184,0.0,0.03007,0.02008,False
1453,CD58,1,0.0,0.02429,0.0,0.03651,0.02007,False
1454,BCL2L10,1,0.0,0.02455,0.0,0.03626,0.02006,False
1455,CD48,1,0.0,0.02423,0.0,0.03648,0.02004,False
1456,XCL1,1,0.0,0.02277,0.0,0.03773,0.02004,False
1457,CDKN1B,1,0.0,0.02875,0.0,0.03256,0.02002,False
1458,ABL1,1,0.0,0.02754,0.0,0.03355,0.02,False
1459,SLC47A2,1,0.0,0.01373,0.0,0.04528,0.01997,False
1460,IL22RA1,1,0.0,0.02491,0.0,0.03567,0.01996,False
1461,GNB4,1,0.0,0.02327,0.0,0.03709,0.01996,False
1462,GNB5,1,0.0,0.02327,0.0,0.03709,0.01996,False
1463,GATA4,1,0.0,0.02711,0.0,0.03352,0.01987,False
1464,CD2BP2,1,0.0,0.0239,0.0,0.03626,0.01986,False
1465,SOST,1,0.0,0.02709,0.0,0.03353,0.01986,False
1466,BID,1,0.0,0.02302,0.0,0.03698,0.01985,False
1467,PPP3CC,1,0.0,0.02705,0.0,0.03349,0.01983,False
1468,UPF1,1,0.0,0.03197,0.0,0.02923,0.01982,False
1469,IL18,1,0.0,0.02221,0.0,0.03753,0.0198,False
1470,SFRP1,1,0.0,0.02697,0.0,0.03346,0.0198,False
1471,IL37,1,0.0,0.02221,0.0,0.03753,0.0198,False
1472,IL18RAP,1,0.0,0.02221,0.0,0.03753,0.0198,False
1473,NLRP1,1,0.0,0.02025,0.0,0.03921,0.0198,False
1474,SP7,1,0.0,0.02699,0.0,0.03345,0.0198,False
1475,PDX1,1,0.0,0.02973,0.0,0.03106,0.01979,False
1476,TECPR1,1,0.0,0.02437,0.0,0.03563,0.01978,False
1477,DDX58,1,0.0,0.02437,0.0,0.03563,0.01978,False
1478,GABARAPL2,1,0.0,0.02437,0.0,0.03563,0.01978,False
1479,ATG16L2,1,0.0,0.02437,0.0,0.03563,0.01978,False
1480,ERBIN,1,0.0,0.02009,0.0,0.03909,0.01971,False
1481,E2F4,1,0.0,0.02405,0.0,0.0355,0.01964,False
1482,ZFYVE9,1,0.0,0.02405,0.0,0.0355,0.01964,False
1483,TGFBR1,1,0.0,0.02405,0.0,0.0355,0.01964,False
1484,CD3D,1,0.0,0.02625,0.0,0.03357,0.01963,False
1485,LOX,1,0.0,0.03064,0.0,0.02981,0.01963,False
1486,SKIL,1,0.0,0.02399,0.0,0.03547,0.01961,False
1487,GZMK,1,0.0,0.02295,0.0,0.03635,0.01961,False
1488,GNG11,1,0.0,0.02256,0.0,0.03661,0.01958,False
1489,KAT5,1,0.0,0.02224,0.0,0.0368,0.01955,False
1490,BGLAP,1,0.0,0.02634,0.0,0.0331,0.01948,False
1491,DRC7,1,0.0,0.06491,0.0,0.0,0.01947,False
1492,RXRG,1,0.0,0.02652,0.0,0.03287,0.01946,False
1493,TCTE3,1,0.0,0.06479,0.0,0.0,0.01944,False
1494,SLFN12,1,0.0,0.02096,0.0,0.03759,0.01944,False
1495,FXYD2,1,0.0,0.02556,0.0,0.0336,0.01943,False
1496,MIXL1,1,0.0,0.02258,0.0,0.0361,0.01941,False
1497,C1QBP,1,0.0,0.01798,0.0,0.04004,0.01941,False
1498,PRKCA,1,0.0,0.02308,0.0,0.03561,0.01939,False
1499,CD3E,1,0.0,0.02578,0.0,0.0333,0.01939,False
1500,CSF1,1,0.0,0.02615,0.0,0.03299,0.01939,False
1501,PROX1,1,0.0,0.02885,0.0,0.03061,0.01937,False
1502,ALOX12,1,0.0,0.02191,0.0,0.03649,0.01934,False
1503,KLF11,1,0.0,0.01696,0.0,0.04071,0.01934,False
1504,PPARA,1,0.0,0.02626,0.0,0.03272,0.01933,False
1505,ANTXR2,1,0.0,0.01385,0.0,0.04325,0.01929,False
1506,TCP10,1,0.0,0.0641,0.0,0.0,0.01923,False
1507,CYCS,1,0.0,0.02172,0.0,0.0361,0.01915,False
1508,PDE4DIP,1,0.0,0.019,0.0,0.03832,0.01911,False
1509,CCR1,1,0.0,0.02134,0.0,0.03631,0.01911,False
1510,CCL15,1,0.0,0.02134,0.0,0.03631,0.01911,False
1511,CCR5,1,0.0,0.02134,0.0,0.03631,0.01911,False
1512,PTGDS,1,0.0,0.0213,0.0,0.03607,0.01901,False
1513,BTLA,1,0.0,0.01949,0.0,0.03759,0.019,False
1514,TNFSF14,1,0.0,0.01949,0.0,0.03759,0.019,False
1515,SLC15A4,1,0.0,0.04013,0.0,0.01984,0.01898,False
1516,ACKR1,1,0.0,0.01944,0.0,0.03756,0.01898,False
1517,CD160,1,0.0,0.01944,0.0,0.03756,0.01898,False
1518,IL20,1,0.0,0.02296,0.0,0.03443,0.01894,False
1519,SMURF2,1,0.0,0.02897,0.0,0.02927,0.01893,False
1520,MEF2A,1,0.0,0.02109,0.0,0.03601,0.01893,False
1521,HPGDS,1,0.0,0.02113,0.0,0.03596,0.01892,False
1522,KCNK4,1,0.0,0.02617,0.0,0.03155,0.01889,False
1523,PRKCG,1,0.0,0.02211,0.0,0.03498,0.01888,False
1524,AKAP1,1,0.0,0.01919,0.0,0.03746,0.01887,False
1525,FOXO1,1,0.0,0.01943,0.0,0.03727,0.01887,False
1526,PIGR,1,0.0,0.01257,0.0,0.04312,0.01886,False
1527,PTGER1,1,0.0,0.01876,0.0,0.03771,0.01883,False
1528,CD1B,1,0.0,0.01775,0.0,0.03837,0.01876,False
1529,MALT1,1,0.0,0.01759,0.0,0.03843,0.01873,False
1530,PDE5A,1,0.0,0.01866,0.0,0.0372,0.01862,False
1531,MTOR,1,0.0,0.02161,0.0,0.03465,0.01861,False
1532,MSX1,1,0.0,0.02345,0.0,0.03308,0.01861,False
1533,MAPK9,1,0.0,0.02194,0.0,0.03428,0.01858,False
1534,TCL1A,1,0.0,0.0192,0.0,0.03642,0.01851,False
1535,TNFSF12,1,0.0,0.01879,0.0,0.03662,0.01845,False
1536,VAV3,1,0.0,0.01983,0.0,0.03558,0.0184,False
1537,IL31,1,0.0,0.01751,0.0,0.03757,0.0184,False
1538,OSM,1,0.0,0.01751,0.0,0.03757,0.0184,False
1539,EHMT2,1,0.0,0.0175,0.0,0.03756,0.0184,False
1540,VAV2,1,0.0,0.01983,0.0,0.03558,0.0184,False
1541,PTGER2,1,0.0,0.01799,0.0,0.03713,0.01839,False
1542,IL31RA,1,0.0,0.01741,0.0,0.03749,0.01835,False
1543,ETS2,1,0.0,0.01839,0.0,0.0365,0.01829,False
1544,IL26,1,0.0,0.02166,0.0,0.03361,0.01826,False
1545,IGLL5,1,0.0,0.01842,0.0,0.03635,0.01825,False
1546,KLRG1,1,0.0,0.02041,0.0,0.03465,0.01825,False
1547,CBFA2T2,1,0.0,0.01942,0.0,0.03548,0.01824,False
1548,LTB,1,0.0,0.01123,0.0,0.04234,0.01819,False
1549,ATP1A2,1,0.0,0.02309,0.0,0.03214,0.01818,False
1550,CD1C,1,0.0,0.01673,0.0,0.03758,0.01817,False
1551,RUNX1T1,1,0.0,0.01736,0.0,0.03703,0.01817,False
1552,FLT3LG,1,0.0,0.01684,0.0,0.03741,0.01815,False
1553,ZFHX3,1,0.0,0.01753,0.0,0.03684,0.01815,False
1554,ATP1A4,1,0.0,0.02302,0.0,0.0321,0.01814,False
1555,ATP1A3,1,0.0,0.02295,0.0,0.03206,0.0181,False
1556,GATA2,1,0.0,0.01721,0.0,0.03692,0.01809,False
1557,NEUROG2,1,0.0,0.0224,0.0,0.03244,0.01807,False
1558,ERVW-1,1,0.0,0.01776,0.0,0.03631,0.01804,False
1559,ATF7,1,0.0,0.02092,0.0,0.03362,0.01804,False
1560,SIX3,1,0.0,0.02225,0.0,0.03236,0.018,False
1561,COL4A5,1,0.0,0.02569,0.0,0.02936,0.01799,False
1562,HIF1A,1,0.0,0.01934,0.0,0.03481,0.01799,False
1563,GNG2,1,0.0,0.01773,0.0,0.03622,0.01799,False
1564,NKX6-2,1,0.0,0.02569,0.0,0.02936,0.01799,False
1565,CCDC65,1,0.0,0.05985,0.0,0.0,0.01796,False
1566,NKX6-1,1,0.0,0.02561,0.0,0.02932,0.01795,False
1567,EBI3,1,0.0,0.01078,0.0,0.04173,0.01784,False
1568,PDE3B,1,0.0,0.01805,0.0,0.03551,0.01784,False
1569,ISL2,1,0.0,0.02328,0.0,0.03089,0.0178,False
1570,TLR10,1,0.0,0.01787,0.0,0.03546,0.01777,False
1571,KITLG,1,0.0,0.01607,0.0,0.03682,0.01771,False
1572,TLR8,1,0.0,0.01765,0.0,0.03541,0.01769,False
1573,DYNLT1,1,0.0,0.05882,0.0,0.0,0.01765,False
1574,IL3RA,1,0.0,0.01441,0.0,0.03796,0.01761,False
1575,GAS8,1,0.0,0.05859,0.0,0.0,0.01758,False
1576,IL18BP,1,0.0,0.01802,0.0,0.0346,0.01752,False
1577,RUNX2,1,0.0,0.0164,0.0,0.03599,0.01752,False
1578,TCF3,1,0.0,0.01802,0.0,0.0345,0.01748,False
1579,SIGIRR,1,0.0,0.01792,0.0,0.03452,0.01746,False
1580,IL5RA,1,0.0,0.01413,0.0,0.03774,0.01745,False
1581,CD1E,1,0.0,0.0154,0.0,0.03654,0.01741,False
1582,BATF,1,0.0,0.01399,0.0,0.03766,0.01738,False
1583,HPRT1,1,0.0,0.01719,0.0,0.03489,0.01737,False
1584,CD1D,1,0.0,0.0153,0.0,0.03646,0.01735,False
1585,GUK1,1,0.0,0.01634,0.0,0.03547,0.01732,False
1586,CCDC122,1,0.0,0.01794,0.0,0.03386,0.01723,False
1587,IL22RA2,1,0.0,0.01965,0.0,0.03233,0.01721,False
1588,SRF,1,0.0,0.01636,0.0,0.03502,0.01717,False
1589,MAPK11,1,0.0,0.01485,0.0,0.03628,0.01715,False
1590,POPDC2,1,0.0,0.02257,0.0,0.02957,0.01712,False
1591,CTF1,1,0.0,0.01511,0.0,0.03572,0.01704,False
1592,PIK3CA,1,0.0,0.01486,0.0,0.03588,0.01702,False
1593,IL17C,1,0.0,0.01012,0.0,0.03981,0.01697,False
1594,PDCD1LG2,1,0.0,0.01273,0.0,0.03754,0.01696,False
1595,TNFRSF21,1,0.0,0.01712,0.0,0.03329,0.01679,False
1596,LGALS9,1,0.0,0.01242,0.0,0.03728,0.01677,False
1597,IL33,1,0.0,0.01663,0.0,0.03362,0.01676,False
1598,PXK,1,0.0,0.01403,0.0,0.03587,0.01676,False
1599,IRAK4,1,0.0,0.01598,0.0,0.0342,0.01676,False
1600,TLR3,1,0.0,0.01593,0.0,0.03416,0.01674,False
1601,IFNA2,1,0.0,0.01295,0.0,0.03671,0.01673,False
1602,IFNB1,1,0.0,0.01295,0.0,0.03671,0.01673,False
1603,USP18,1,0.0,0.01295,0.0,0.03671,0.01673,False
1604,IL17RD,1,0.0,0.00974,0.0,0.03945,0.01673,False
1605,XBP1,1,0.0,0.01448,0.0,0.03524,0.01668,False
1606,IRF7,1,0.0,0.01583,0.0,0.03409,0.01668,False
1607,IFNW1,1,0.0,0.01286,0.0,0.03664,0.01668,False
1608,PLA2G4A,1,0.0,0.01392,0.0,0.03565,0.01665,False
1609,BVES,1,0.0,0.02159,0.0,0.02903,0.01664,False
1610,BIRC3,1,0.0,0.01018,0.0,0.03866,0.01659,False
1611,CD1A,1,0.0,0.01397,0.0,0.03542,0.01659,False
1612,LIF,1,0.0,0.01423,0.0,0.03505,0.01654,False
1613,SCARB1,1,0.0,0.01548,0.0,0.03373,0.01645,False
1614,LYL1,1,0.0,0.01589,0.0,0.03301,0.01632,False
1615,IL17B,1,0.0,0.0089,0.0,0.03865,0.0162,False
1616,SCARB2,1,0.0,0.01503,0.0,0.03341,0.0162,False
1617,PHRF1,1,0.0,0.01304,0.0,0.03509,0.01619,False
1618,ADCY8,1,0.0,0.0136,0.0,0.0345,0.01615,False
1619,IFNL3,1,0.0,0.00994,0.0,0.03752,0.01612,False
1620,IFNL2,1,0.0,0.00994,0.0,0.03752,0.01612,False
1621,IFNL1,1,0.0,0.00994,0.0,0.03752,0.01612,False
1622,PIEZO1,1,0.0,0.02046,0.0,0.02841,0.01608,False
1623,TANK,1,0.0,0.00935,0.0,0.03788,0.01606,False
1624,MPPE1,1,0.0,0.01546,0.0,0.03263,0.01606,False
1625,BCL6,1,0.0,0.01157,0.0,0.03565,0.01595,False
1626,HSPD1,1,0.0,0.0128,0.0,0.0341,0.01578,False
1627,TICAM2,1,0.0,0.0128,0.0,0.0341,0.01578,False
1628,CD276,1,0.0,0.00877,0.0,0.0374,0.01572,False
1629,SPIB,1,0.0,0.01116,0.0,0.03531,0.01571,False
1630,USP21,1,0.0,0.01141,0.0,0.03479,0.0156,False
1631,CREB5,1,0.0,0.01625,0.0,0.03061,0.01559,False
1632,SDC1,1,0.0,0.01242,0.0,0.03366,0.0155,False
1633,LACC1,1,0.0,0.01471,0.0,0.03164,0.01549,False
1634,NIBAN3,1,0.0,0.01176,0.0,0.03408,0.01546,False
1635,OPTN,1,0.0,0.00653,0.0,0.03851,0.01544,False
1636,DRC3,1,0.0,0.05147,0.0,0.0,0.01544,False
1637,CSF3,1,0.0,0.00814,0.0,0.03713,0.01544,False
1638,CCL11,1,0.0,0.00802,0.0,0.03702,0.01536,False
1639,UNC5B,1,0.0,0.01314,0.0,0.0323,0.01524,False
1640,SKP1,1,0.0,0.00736,0.0,0.03717,0.01522,False
1641,CUL1,1,0.0,0.00736,0.0,0.03717,0.01522,False
1642,BTRC,1,0.0,0.00736,0.0,0.03717,0.01522,False
1643,CCL4,1,0.0,0.00633,0.0,0.03796,0.01518,False
1644,IQCG,1,0.0,0.04997,0.0,0.0,0.01499,False
1645,IL1RN,1,0.0,0.00626,0.0,0.03703,0.01484,False
1646,CARD10,1,0.0,0.00787,0.0,0.03536,0.01474,False
1647,CYC1,1,0.0,0.00767,0.0,0.03551,0.01473,False
1648,IL27RA,1,0.0,0.00165,0.0,0.04044,0.01465,False
1649,UQCRQ,1,0.0,0.0073,0.0,0.03517,0.0145,False
1650,TNFRSF8,1,0.0,0.00827,0.0,0.03426,0.01447,False
1651,AICDA,1,0.0,0.01223,0.0,0.03064,0.01439,False
1652,UQCRC2,1,0.0,0.00688,0.0,0.03479,0.01424,False
1653,BCL3,1,0.0,0.00438,0.0,0.03688,0.01422,False
1654,UQCRB,1,0.0,0.00663,0.0,0.03456,0.01408,False
1655,TAB2,1,0.0,0.00567,0.0,0.03488,0.01391,False
1656,GNG7,1,0.0,0.01021,0.0,0.03067,0.0138,False
1657,IL21,1,0.0,0.00152,0.0,0.03756,0.0136,False
1658,IRF9,1,0.0,0.00114,0.0,0.0376,0.0135,False
1659,SOCS5,1,0.0,0.00154,0.0,0.03686,0.01336,False
1660,CD70,1,0.0,0.00873,0.0,0.03067,0.01335,False
1661,IL2RB,1,0.0,0.00134,0.0,0.03669,0.01324,False
1662,GHR,1,0.0,0.00297,0.0,0.03507,0.01317,False
1663,CASP1,1,0.0,0.00346,0.0,0.0344,0.01308,False
1664,PPP6C,1,0.0,0.00198,0.0,0.03546,0.013,False
1665,IL9,1,0.0,0.00018,0.0,0.03519,0.01237,False
1666,VAMP7,1,0.0,0.00073,0.0,0.03177,0.01134,False
1667,CSF3R,1,0.0,4e-05,0.0,0.0311,0.0109,False
